Artist Name,Title,Thumbnail,Label,Genre,master release date
Eddie Bo,If It's Good To You (It's Good For You),https://i.discogs.com/RHiExyumkzn7mNOlNszjeiuzaW9A2b451PdDU6-wOd8/rs:fit/g:sm/q:40/h:150/w:150/czM6Ly9kaXNjb2dz/LWRhdGFiYXNlLWlt/YWdlcy9SLTI1MzQy/NTAtMTI5MjA4MTQ0/OS5qcGVn.jpeg,Scram Records,Funk / Soul,1969
Bridge (6),Stick Your Finger In The Ground (And Turn The World Around),https://i.discogs.com/dXDQbJhhMCGui3uu4U7ELGmnO2yKgWwWDSm-Jc9PUOE/rs:fit/g:sm/q:40/h:150/w:150/czM6Ly9kaXNjb2dz/LWRhdGFiYXNlLWlt/YWdlcy9SLTEwMzQ3/MjItMTM3NzQzMDUz/Mi04ODIwLmpwZWc.jpeg,Graytom Records,Funk / Soul,1977
B. W. Souls,Marvins Groove,https://i.discogs.com/mlFMMyV43Mob_duCZWIvySN15NWD0N8mTUDTO7uOSDE/rs:fit/g:sm/q:40/h:150/w:150/czM6Ly9kaXNjb2dz/LWRhdGFiYXNlLWlt/YWdlcy9SLTU1NzI0/OS0xNTE2OTI3MzU3/LTI5MDMucG5n.jpeg,Round,Funk / Soul,1970
Smokey Brooks,Eternal ,https://i.discogs.com/GXYQH1NpS-PS6gAmieG6A9M2RWieBcmhHB7Cfynx8XM/rs:fit/g:sm/q:40/h:150/w:150/czM6Ly9kaXNjb2dz/LWRhdGFiYXNlLWlt/YWdlcy9SLTgyNzQ3/My0xMzg4NzkwNTgz/LTUzNDMuanBlZw.jpeg,Now,Funk / Soul,1971
Brother Soul,Cookies / Do It Good,https://i.discogs.com/DWGbblWkmj_zrLgnhLsGsNXqTvOPaqgeBxUzQVlJxKc/rs:fit/g:sm/q:40/h:150/w:150/czM6Ly9kaXNjb2dz/LWRhdGFiYXNlLWlt/YWdlcy9SLTIxMTc0/OTMtMTQ0NDk5NjI1/Ny0xMDcwLmpwZWc.jpeg,,Funk / Soul,1974
Captain Freak & The Lunacycle Band,What Ever Happened To Superman / I Wouldn't Pull Your Toe,https://i.discogs.com/ucpBFN78KzGlKeZMQ5bXNFTZu-mNUmC5o3Go0_T7zXk/rs:fit/g:sm/q:40/h:150/w:150/czM6Ly9kaXNjb2dz/LWRhdGFiYXNlLWlt/YWdlcy9SLTI5NDQ1/NzEtMTMyMjk3NzQ5/OC5qcGVn.jpeg,Phil L.A. Of Soul,"Funk / Soul, Blues",1974
Chuck Carbo,Can I Be Your Squeeze / Take Care Your Home Work Friend,https://i.discogs.com/_3AuD3oO8mQfKOXaM-FTM9MhdkDloh7h_ra4OsXQrQs/rs:fit/g:sm/q:40/h:150/w:150/czM6Ly9kaXNjb2dz/LWRhdGFiYXNlLWlt/YWdlcy9SLTIxMDkw/NjQtMTM5Mjc2OTYx/OC03NTI0LmpwZWc.jpeg,Canyon Records (3),Funk / Soul,1969
E. T. White And His Great Potential Band,Funky Soul Shake,https://i.discogs.com/M4NrlQJu0AVMPcyP4ICXzWIYwJPUV9dr9Ytwy90_4Wk/rs:fit/g:sm/q:40/h:150/w:150/czM6Ly9kaXNjb2dz/LWRhdGFiYXNlLWlt/YWdlcy9SLTU1MDk0/OC0xNTczODQxMTM1/LTc3MTEuanBlZw.jpeg,Great Potential Records,Funk / Soul,
Village Crusaders,Akiwawa ,https://i.discogs.com/nADBpxxeOI-FxwwsxKLeEYNAgWwUlvIUm_XPSA57kjk/rs:fit/g:sm/q:40/h:150/w:150/czM6Ly9kaXNjb2dz/LWRhdGFiYXNlLWlt/YWdlcy9SLTg2MTg2/MC0xNTkzNTY0OTk2/LTI3MzcuanBlZw.jpeg,Trans-American,"Jazz, Latin, Funk / Soul",1969
Udo Jürgens,Deine Einsamkeit / Peace Now,https://i.discogs.com/i50Appt_4j9U1Pj-RR8NSyrSl6-OFnyn2e_NKLvTipc/rs:fit/g:sm/q:40/h:150/w:150/czM6Ly9kaXNjb2dz/LWRhdGFiYXNlLWlt/YWdlcy9SLTc5ODM1/OC0xMzMyODU2MDQx/LmpwZWc.jpeg,Ariola,"Funk / Soul, Pop",1970
Little Sister,You're The One (Parts I & II),https://i.discogs.com/hA0i-6pQ2dFUcP3vu3ogo4fGKXwACBzMTmxMAPBdZcM/rs:fit/g:sm/q:40/h:150/w:150/czM6Ly9kaXNjb2dz/LWRhdGFiYXNlLWlt/YWdlcy9SLTY0Nzcx/OC0xMTQzMDQyMjEx/LmpwZWc.jpeg,Stone Flower,Funk / Soul,1970
Nena,Lass Mich Dein Pirat Sein,https://i.discogs.com/-UgQEHUKOYOzVDjspT8GPMav3j0COeQxmQoSkP35dnI/rs:fit/g:sm/q:40/h:150/w:150/czM6Ly9kaXNjb2dz/LWRhdGFiYXNlLWlt/YWdlcy9SLTEwNTQz/MzctMTQzMTQyMDYx/OC03ODUzLmpwZWc.jpeg,CBS,Rock,1984
James Carr,To Love Somebody / These Ain't Raindrops,https://i.discogs.com/1XZr2tYPMbxc1qlmcCML2_oyBIX87OFQtGlLD8WKuYM/rs:fit/g:sm/q:40/h:150/w:150/czM6Ly9kaXNjb2dz/LWRhdGFiYXNlLWlt/YWdlcy9SLTIxMjY5/MjUtMTU0MjQ1NTM5/MS0zMTI4LmpwZWc.jpeg,Goldwax Records,Funk / Soul,1969
? & The Mysterians,96 Tears / Got To,https://i.discogs.com/roIO9K-XJG3gL0ydDF-s3FuItC9p6aX5QaLKVPUlRDk/rs:fit/g:sm/q:40/h:150/w:150/czM6Ly9kaXNjb2dz/LWRhdGFiYXNlLWlt/YWdlcy9SLTU4OTcz/MjEtMTQwNTcxNDc4/Ny03MjQ2LmpwZWc.jpeg,Million Seller,Rock,
J.C. Davis,A New Day (Is Here at Last),https://i.discogs.com/HWPBu4fZBqCU1ZPHlF4fWgbHWUYDoXhYmXz2yRsWBAg/rs:fit/g:sm/q:40/h:150/w:150/czM6Ly9kaXNjb2dz/LWRhdGFiYXNlLWlt/YWdlcy9SLTUwOTI5/NDgtMTUzNDc2NTk4/OC03ODc1LmpwZWc.jpeg,"New Day (3), New Day (3)","Jazz, Funk / Soul",1969
Chuck Jackson,And That's Saying A Lot / All In My Mind,https://i.discogs.com/ITzMFCw78kjIQhkRjNQJzRRfaek9tC0UfrLOprPSn84/rs:fit/g:sm/q:40/h:150/w:150/czM6Ly9kaXNjb2dz/LWRhdGFiYXNlLWlt/YWdlcy9SLTI2OTYx/NTktMTQxMjUyNzUz/OC05MDA4LmpwZWc.jpeg,Wand,Funk / Soul,1966
Exit 9 (2),Jive Man,https://i.discogs.com/7HA2vxnMto8_1Gpf-RPGdKP_L0YOWyjSOjK94YziTc0/rs:fit/g:sm/q:40/h:150/w:150/czM6Ly9kaXNjb2dz/LWRhdGFiYXNlLWlt/YWdlcy9SLTMzMjIz/NDUtMTUxOTczOTU2/MC03MTQ5LmpwZWc.jpeg,BRC,Funk / Soul,1975
Linda Fields & The Funky Boys,Sold My Rock'n'Roll (Gave It For Funky Soul),https://i.discogs.com/B521_KEq4dJLBLRPFrWfAY-ZBYoUkCmE89E4Pb-QHuE/rs:fit/g:sm/q:40/h:150/w:150/czM6Ly9kaXNjb2dz/LWRhdGFiYXNlLWlt/YWdlcy9SLTkzNDAx/MC0xMTc0NDk0NzMz/LmpwZWc.jpeg,"RCA Victor, RCA Victor, RCA, RCA","Funk / Soul, Pop",1975
Phillip Mitchell,There's Another In My Life,https://i.discogs.com/bQx3CdgoI8k6xfPDSTNPZtfDAe_s5QFqNXYl3a77m84/rs:fit/g:sm/q:40/h:150/w:150/czM6Ly9kaXNjb2dz/LWRhdGFiYXNlLWlt/YWdlcy9SLTM2OTUx/MzUtMTM0MDY4NDY5/Ni04ODI5LmpwZWc.jpeg,Event Records Inc.,Funk / Soul,1975
Warm Excursion,Hang Up,https://i.discogs.com/NAbngIY9MaZrn7VpW3f4sm_JLEv96jXLBrcwDRGuLPo/rs:fit/g:sm/q:40/h:150/w:150/czM6Ly9kaXNjb2dz/LWRhdGFiYXNlLWlt/YWdlcy9SLTEwNTQ5/MjAtMTYwMzY0Nzg1/Ny04MzI0LmpwZWc.jpeg,Pzazz Records,"Jazz, Funk / Soul",1969
Don Gregory & The Soul Trainers,Soul Line,https://i.discogs.com/UXQWpuOAiaUy8T2_BrU_bQeuQkt5NnU4TTQJXlMw_0g/rs:fit/g:sm/q:40/h:150/w:150/czM6Ly9kaXNjb2dz/LWRhdGFiYXNlLWlt/YWdlcy9SLTM1MTI2/MzItMTQwNTA1NTk1/My04NjQ0LmpwZWc.jpeg,Apt Records,Funk / Soul,1972
The Magic Tones,I'll Make It Up To You / Good Old Music,https://i.discogs.com/njIsolbP21XzKLrEEGNUkzpLfj6hNSbpVt-EFT-xGrw/rs:fit/g:sm/q:40/h:150/w:150/czM6Ly9kaXNjb2dz/LWRhdGFiYXNlLWlt/YWdlcy9SLTUxNDE3/NDMtMTM4NTYyNTY3/Ni02MDE4LmpwZWc.jpeg,Westbound Records,Funk / Soul,1969
Sight Unseen,I'm On My Way,https://i.discogs.com/A7oHQBi6VrSWJf4c__FMgemf47lCTa8p_zXk90cMYnA/rs:fit/g:sm/q:40/h:150/w:150/czM6Ly9kaXNjb2dz/LWRhdGFiYXNlLWlt/YWdlcy9SLTM2NzM5/NzktMTMzOTg0ODU3/MC0zNjQyLmpwZWc.jpeg,Real Records (14),"Rock, Funk / Soul",1969
The Chosen Few (13),Summer's Love / Hey Joe,https://i.discogs.com/OOiygBXbvir8KgAZDmhwAuCZk7fDJjajgVvCvF3-5Bw/rs:fit/g:sm/q:40/h:150/w:150/czM6Ly9kaXNjb2dz/LWRhdGFiYXNlLWlt/YWdlcy9SLTQzNjU1/MzctMTU3MTc5NjQy/Mi0zMjg4LmpwZWc.jpeg,Canusa,Rock,1967
Berry Street Station,Chocolate Sugar,https://i.discogs.com/j7qGxKM-HupIYnVqzk3ul2-GXginUOAruekTydvreS8/rs:fit/g:sm/q:40/h:150/w:150/czM6Ly9kaXNjb2dz/LWRhdGFiYXNlLWlt/YWdlcy9SLTI0NzAx/ODMtMTI5ODU0NjUw/Ni5qcGVn.jpeg,,Funk / Soul,1975
藤沼千美,ディスコチック 六本木小唄 / 冷たい指,https://i.discogs.com/rSjubMUVR0_IHBhkl9BdHNbldkusx96ZT9VkVpxNSS0/rs:fit/g:sm/q:40/h:150/w:150/czM6Ly9kaXNjb2dz/LWRhdGFiYXNlLWlt/YWdlcy9SLTQ1NDE0/NDQtMTM2Nzg0NDEz/MS01MzIxLmpwZWc.jpeg,Trio Records,"Funk / Soul, Pop",1978
Pop Five Music Incorporated,Aria / Page One,https://i.discogs.com/-yz-A8dqrWlFJqzidOFzl2kEhY4OL-8y85OSZGbpFng/rs:fit/g:sm/q:40/h:150/w:150/czM6Ly9kaXNjb2dz/LWRhdGFiYXNlLWlt/YWdlcy9SLTIzMDgw/NjUtMTU2NTgwMzcy/NS00MzgxLmpwZWc.jpeg,Vogue Schallplatten,"Rock, Funk / Soul, Pop",1970
Brian (19),The Rainmaker,https://i.discogs.com/5Q7vw6VA4nJOTOU-Mf4SddZA1v_wHTXaWu7sEe_smlo/rs:fit/g:sm/q:40/h:150/w:150/czM6Ly9kaXNjb2dz/LWRhdGFiYXNlLWlt/YWdlcy9SLTU2NzIz/MzctMTQwMzk3NjY2/Ni03NTg4LmpwZWc.jpeg,MCA Records,"Rock, Pop",1970
Salt (3),Hung - Up / I Can't Believe ,https://i.discogs.com/br0R2cyHGC2sJD-kjZiMlHaSh0tcj6QqJ5wz_FMn__Y/rs:fit/g:sm/q:40/h:150/w:150/czM6Ly9kaXNjb2dz/LWRhdGFiYXNlLWlt/YWdlcy9SLTQ0NTgw/NTEtMTM2NTQyMjUw/Ny0yMDIyLmpwZWc.jpeg,Choctaw Records,Funk / Soul,1973
Supernaut (3),Too Hot To Touch,https://i.discogs.com/j3YydXCkuYfOPh_CCxSv5hb98Jf1vflNlL0kA1yFRao/rs:fit/g:sm/q:40/h:150/w:150/czM6Ly9kaXNjb2dz/LWRhdGFiYXNlLWlt/YWdlcy9SLTI5NDAy/NjEtMTYxNTE3NzMz/NS01NDk5LmpwZWc.jpeg,Polydor,Rock,1976
Rocky F. Holicke,Movement / Ready For Take Off,https://i.discogs.com/ntEMFEFA_1rconKkAacW1wsfcwA2H1TbblimsZYq4ks/rs:fit/g:sm/q:40/h:150/w:150/czM6Ly9kaXNjb2dz/LWRhdGFiYXNlLWlt/YWdlcy9SLTYxNDIy/MDgtMTQxMjExNjIz/MS04MzI1LmpwZWc.jpeg,Aero Sound,Rock,1973
Jimi Entley Sound,Apache,https://i.discogs.com/61gJ7bQ50TwtwRz2wiVzaENTc1sNQCXlwGJAg5PWdgI/rs:fit/g:sm/q:40/h:150/w:150/czM6Ly9kaXNjb2dz/LWRhdGFiYXNlLWlt/YWdlcy9SLTc4MjQ4/NDQtMTQ0OTU3Mjcw/OC01NTAzLmpwZWc.jpeg,,Funk / Soul,2002
Jake Wade & The Soul Searchers,Searching For Soul,https://i.discogs.com/2GLNUrWOFuO0Wx8nst_hWJWqP68iMkSkS6eUZAXQaJw/rs:fit/g:sm/q:40/h:150/w:150/czM6Ly9kaXNjb2dz/LWRhdGFiYXNlLWlt/YWdlcy9SLTIxMTcw/MTItMTcyMTg2ODYz/My03NjE3LmpwZWc.jpeg,Mutt Records (4),Funk / Soul,1968
The New Seekers / Ivor Raymonde Orchestra,Buy The World A Coke / It's The Real Thing,https://i.discogs.com/qro9FYGbVmTV6D5JuzhgrlcyU7_VNOT-EKO4ro-AnkY/rs:fit/g:sm/q:40/h:150/w:150/czM6Ly9kaXNjb2dz/LWRhdGFiYXNlLWlt/YWdlcy9SLTIxNTAx/NzgtMTMxNzg5NTA2/MC5qcGVn.jpeg,"Coca-Cola, Coca-Cola",Pop,1971
Manzel,Sugar Dreams / Midnight Theme,https://i.discogs.com/WKSGASDnqNgFQ3k_MNUM3bcw1z9dqbM3_8a6OML9upc/rs:fit/g:sm/q:40/h:150/w:150/czM6Ly9kaXNjb2dz/LWRhdGFiYXNlLWlt/YWdlcy9SLTMyMTAz/MTMtMTM0NzEzNzg4/MC0yOTg2LmpwZWc.jpeg,Fraternity Records,"Electronic, Funk / Soul",1979
The Honey Drippers,Impeach The President / Roy C's Theme,https://i.discogs.com/jujuM6HrryoivAvjnpeSoCnZsXFcFLuOVSLXSJQYBMY/rs:fit/g:sm/q:40/h:150/w:150/czM6Ly9kaXNjb2dz/LWRhdGFiYXNlLWlt/YWdlcy9SLTc5Nzg1/Ni0xNDEzMDQxMDY2/LTcxODAuanBlZw.jpeg,Alaga Records,Funk / Soul,1973
The Vibrettes,Humpty Dump,https://i.discogs.com/WgZItmha1x2wZlrvfBQcEnBOsjeUeed6YYkJYcBboEU/rs:fit/g:sm/q:40/h:150/w:150/czM6Ly9kaXNjb2dz/LWRhdGFiYXNlLWlt/YWdlcy9SLTU1NzQz/NC0xMjM1ODE4Nzgw/LmpwZWc.jpeg,Lujon Records,Funk / Soul,1973
Mickey & The Soul Generation,Iron Leg ,https://i.discogs.com/zMKBVyPrW9enf3ozjbC9neWfs2zdDd-9zqKSScO5pMo/rs:fit/g:sm/q:40/h:150/w:150/czM6Ly9kaXNjb2dz/LWRhdGFiYXNlLWlt/YWdlcy9SLTE0NTQz/MTItMTM5MTUyODYw/MC04MTMzLmpwZWc.jpeg,Maxwell,Funk / Soul,1969
Freda Payne,Band Of Gold / The Easiest Way To Fall,https://i.discogs.com/_b9BxRftrmWy7SzTcXwga_l7Xuu0sTkEVrS2UhEfbdU/rs:fit/g:sm/q:40/h:150/w:150/czM6Ly9kaXNjb2dz/LWRhdGFiYXNlLWlt/YWdlcy9SLTU3NDY5/OC0xNjA2OTYyNTU2/LTY5MDMuanBlZw.jpeg,Invictus,Funk / Soul,1970
Cold Grits,It's Your Thing,https://i.discogs.com/MXE8WZvPgA8qWyTJ0d6NrpaTHHKEeu3OsrvO4cs5G8E/rs:fit/g:sm/q:40/h:150/w:150/czM6Ly9kaXNjb2dz/LWRhdGFiYXNlLWlt/YWdlcy9SLTUyMTc2/NzQtMTQyMDU2Njc3/OC03MjI1LmpwZWc.jpeg,ATCO Records,Funk / Soul,1969
Banbarra,Shack Up,https://i.discogs.com/Sxfl_UqMNGqBR-uD0oyH5maE-BoURORMV0Sr8Tx-VGA/rs:fit/g:sm/q:40/h:150/w:150/czM6Ly9kaXNjb2dz/LWRhdGFiYXNlLWlt/YWdlcy9SLTY0NzY2/Ni0xMTQzMDI5OTI3/LmpwZWc.jpeg,United Artists Records,Funk / Soul,1975
James Spencer (2),Take This Woman Off The Corner,https://i.discogs.com/hbVodzjxC1O_tgRc-buip8KRatN2Xk-KPgkuwlkGHVE/rs:fit/g:sm/q:40/h:150/w:150/czM6Ly9kaXNjb2dz/LWRhdGFiYXNlLWlt/YWdlcy9SLTEzNzUz/NzktMTQ0MTA0NTQy/MC0zOTQ4LmpwZWc.jpeg,Memphis (11),"Jazz, Funk / Soul",1970
Marva Whitney,It's My Thing (You Can't Tell Me Who To Sock It To) / Ball Of Fire,https://i.discogs.com/8-rlUVX_N5OMbQ5Wis9DjMJLaJVNV21mN0L8giOs7tI/rs:fit/g:sm/q:40/h:150/w:150/czM6Ly9kaXNjb2dz/LWRhdGFiYXNlLWlt/YWdlcy9SLTI0MTM1/NjAtMTQ0NjY4ODkz/NS02MzMwLmpwZWc.jpeg,King Records (3),Funk / Soul,1969
Dyke & The Blazers,Let A Woman Be A Woman - Let A Man Be A Man,https://i.discogs.com/cl54QlwIVhkkyb1VaQ6Xa82CHIvLutEAbR5RtkUASqc/rs:fit/g:sm/q:40/h:150/w:150/czM6Ly9kaXNjb2dz/LWRhdGFiYXNlLWlt/YWdlcy9SLTEwMTgy/ODctMTM5NjgzNjI4/Mi0xNzEyLmpwZWc.jpeg,Original Sound,Funk / Soul,1969
Simon Park,Hobby Horse,https://i.discogs.com/bUR9OmC86YmYDgUjpPNnnzuuqVQyaHXrBEv-5UNmlio/rs:fit/g:sm/q:40/h:150/w:150/czM6Ly9kaXNjb2dz/LWRhdGFiYXNlLWlt/YWdlcy9SLTM5MzU4/ODYtMTQzNTQxOTM2/NC00MjQwLmpwZWc.jpeg,BBC Records,"Funk / Soul, Pop, Stage & Screen",1978
Ricky Williams,Discotheque Soul,https://i.discogs.com/CQ3rVRl_p1es5eT7cWryWCafKO-1aHRU44oPw5g_iWU/rs:fit/g:sm/q:40/h:150/w:150/czM6Ly9kaXNjb2dz/LWRhdGFiYXNlLWlt/YWdlcy9SLTEwNTI3/MzktMTE4ODMzMzcw/OC5qcGVn.jpeg,,Funk / Soul,1971
Garnet Mimms,Stop And Check Yourself,https://i.discogs.com/bh12rB6G4yO8ZZ6Mc_zvJ_wweTNXoVTB2UxTbw9eGDQ/rs:fit/g:sm/q:40/h:150/w:150/czM6Ly9kaXNjb2dz/LWRhdGFiYXNlLWlt/YWdlcy9SLTI4NDkx/NDQtMTM2MzEyNTkz/MS05MzU3LmpwZWc.jpeg,,Funk / Soul,1972
William Stuckey,You Can Count On Me / Disco Fly,https://i.discogs.com/OgZ2OlrxNtACBZ_DGDpw-W-Ure8fZUyfmv8hVhuI_AE/rs:fit/g:sm/q:40/h:150/w:150/czM6Ly9kaXNjb2dz/LWRhdGFiYXNlLWlt/YWdlcy9SLTU0NzI1/NS0xMjQ3MTQ2Nzkz/LmpwZWc.jpeg,ICA Recording Group,Funk / Soul,1977
Jesse Gresham Plus 3,The Penguin,https://i.discogs.com/8ZyK43ozuHhvFtW34ju80PGn6uNRzhy1WkxpBJespgE/rs:fit/g:sm/q:40/h:150/w:150/czM6Ly9kaXNjb2dz/LWRhdGFiYXNlLWlt/YWdlcy9SLTIyNjc4/OTYtMTI4MzAyNDgy/MS5qcGVn.jpeg,Jewel Records (3),Funk / Soul,1971
Quiller,Quiller,https://i.discogs.com/wtBmxppusvUX1YjPdakxlbSqyxlzBT3csoHWdmoJ0kY/rs:fit/g:sm/q:40/h:150/w:150/czM6Ly9kaXNjb2dz/LWRhdGFiYXNlLWlt/YWdlcy9SLTE5MzYw/MjMtMTQ3OTAyOTg3/NC0zMDE5LmpwZWc.jpeg,,"Rock, Funk / Soul, Pop, Stage & Screen",1975
Duke Williams And The Extremes,I've Been Lovin' You Too Long (To Stop Now) / Chinese Chicken,https://i.discogs.com/YCVRmOEtwPMS5QqDmRQ3jOeCOPnaAH-EQo5MYX3ARyY/rs:fit/g:sm/q:40/h:150/w:150/czM6Ly9kaXNjb2dz/LWRhdGFiYXNlLWlt/YWdlcy9SLTE2OTUx/MDQtMTI4NTUxMzYx/NS5qcGVn.jpeg,,Funk / Soul,1973
Aaron Neville,"Where Is My Baby / You Can Give, But You Can't Take",https://i.discogs.com/bca0pU1jWRwSXgPwe5mUu2vuADlY2rAVbhea4dlzue8/rs:fit/g:sm/q:40/h:150/w:150/czM6Ly9kaXNjb2dz/LWRhdGFiYXNlLWlt/YWdlcy9SLTQ2ODU4/NzItMTc1NDIzNjIz/OS02NjI3LmpwZWc.jpeg,,Funk / Soul,1968
The Hoctor Band,Indiana Wants Me / Overture From Tommy,https://i.discogs.com/v9bSLaoa5oQ785nhw5jGxM0ocHXS7moUEmhgCVBnM5o/rs:fit/g:sm/q:40/h:150/w:150/czM6Ly9kaXNjb2dz/LWRhdGFiYXNlLWlt/YWdlcy9SLTcxMzE1/NDctMTQzNDc3ODk2/My02MzAyLmpwZWc.jpeg,Hoctor Records,Jazz,
Unknown Artist,Drums No. 3 For Modern Jazz,https://i.discogs.com/Bqy8PKHvZtEBdX5Qtt_Ac5tpq7yREj65V4tJrLWYPDM/rs:fit/g:sm/q:40/h:150/w:150/czM6Ly9kaXNjb2dz/LWRhdGFiYXNlLWlt/YWdlcy9SLTU5Njc4/MzMtMTQwNzY0NTEx/Ny04MDA2LmpwZWc.jpeg,Hoctor Records,"Jazz, Funk / Soul",
Black Velvet,Tropicana,https://i.discogs.com/tHWy9vVtpsrcaOn63wBO4hTbuhMU2lPzlUVU8R781OI/rs:fit/g:sm/q:40/h:150/w:150/czM6Ly9kaXNjb2dz/LWRhdGFiYXNlLWlt/YWdlcy9SLTQxNjEy/MjAtMTY2MDIwMTc4/Ny01NDA0LmpwZWc.jpeg,MAM,"Rock, Funk / Soul",1971
All Dyrections,Soul Makossa / On Top Of It,https://i.discogs.com/YeemxVTgItrpPHtjVtSx-5P4ri3i8rcI_uNWZZKXSgg/rs:fit/g:sm/q:40/h:150/w:150/czM6Ly9kaXNjb2dz/LWRhdGFiYXNlLWlt/YWdlcy9SLTMwMTgy/OTgtMTM1MjY4MjMx/OS04Nzk5LmpwZWc.jpeg,,Funk / Soul,1973
Iron Knowledge,Show-Stopper,https://i.discogs.com/E82WZpME63QG8ELcL7qFDXzYhoo_z80unELA4_l7GNo/rs:fit/g:sm/q:40/h:150/w:150/czM6Ly9kaXNjb2dz/LWRhdGFiYXNlLWlt/YWdlcy9SLTEyNjk3/NDgtMTQzMTM3OTgy/NC02MjI1LmpwZWc.jpeg,Tammy Records,"Rock, Funk / Soul",1972
Kenny Smith And The Fox Fire Band / Kenny Smith,Here Comes The Law / Foxfire,https://i.discogs.com/p6pM4F8ret3URdnH0y1D8zV6vpk1nW8BZdlq06UCWXA/rs:fit/g:sm/q:40/h:150/w:150/czM6Ly9kaXNjb2dz/LWRhdGFiYXNlLWlt/YWdlcy9SLTExMDM1/MjUtMTU0NDI1MDgx/NS02MjcyLmpwZWc.jpeg,"Dopebrother Records, Lena Records",Funk / Soul,2007
Mongo Santamaria,Cold Sweat / Sitting On The Dock Of The Bay,https://i.discogs.com/vfL9bVidSQxdXcy4T06F3CVxkO0TOL0Jypg7uPyfcf0/rs:fit/g:sm/q:40/h:150/w:150/czM6Ly9kaXNjb2dz/LWRhdGFiYXNlLWlt/YWdlcy9SLTI1MTc5/NTYtMTU5NDk4NzE0/NS03MTM2LmpwZWc.jpeg,,"Latin, Funk / Soul",1968
The Chubukos,Witch Doctor Bump / House Of  Rising Funk,https://i.discogs.com/YCsf0QXDCyQ1-rCLXgjaIhms4PeA0D6F-J6-PPaRtBs/rs:fit/g:sm/q:40/h:150/w:150/czM6Ly9kaXNjb2dz/LWRhdGFiYXNlLWlt/YWdlcy9SLTY0NzY2/Mi0xMTQzMDIzMzAy/LmpwZWc.jpeg,Mainstream Records,Funk / Soul,1973
Lee Dorsey,Sneakin' Sally Thru The Alley / Tears Tears And More Tears,https://i.discogs.com/iON7GDsHzMb-Q9rz326As0IM5BYLOlVD_vBrwhzT8RE/rs:fit/g:sm/q:40/h:150/w:150/czM6Ly9kaXNjb2dz/LWRhdGFiYXNlLWlt/YWdlcy9SLTQ2MzMx/OTgtMTUwMzA1NTkw/OC0zMTY3LmpwZWc.jpeg,,Funk / Soul,1970
The Temprees,Explain It To Her Mama,https://i.discogs.com/CLIq0yX048l7ZQLJ3urAj26wt8PEzTSt8n6mtXSm-AI/rs:fit/g:sm/q:40/h:150/w:150/czM6Ly9kaXNjb2dz/LWRhdGFiYXNlLWlt/YWdlcy9SLTI3OTQ1/ODQtMTUxMTkyNTAx/NC0xNTE0LmpwZWc.jpeg,,Funk / Soul,1972
"Huey ""Piano"" Smith",Tu-Ber-Cu-Lucas And The Sinus Blues / Dearest Darling (You're The One),https://i.discogs.com/B5eKO5E_CPdpH99FAiiRS8vdIkwAOBH2qtepfXGGyr4/rs:fit/g:sm/q:40/h:150/w:150/czM6Ly9kaXNjb2dz/LWRhdGFiYXNlLWlt/YWdlcy9SLTI2NTAw/NDgtMTI5OTY2NzE5/OC5qcGVn.jpeg,Ace Records (3),Blues,1959
Sugar Billy Garner,I Got Some,https://i.discogs.com/lH767x-eayaQpgNZ8juhCn0YYv5dzv1unIh5yAGdsB4/rs:fit/g:sm/q:40/h:150/w:150/czM6Ly9kaXNjb2dz/LWRhdGFiYXNlLWlt/YWdlcy9SLTMzNjcx/NjUtMTMyNzU4NDQ3/My5qcGVn.jpeg,New Day,Funk / Soul,1971
The Leaves,Get Out Of My Life Woman,https://i.discogs.com/vSNF_La86hs9SCN6kUrtWkeQvJ1U9ryrL8KKij0Xj6U/rs:fit/g:sm/q:40/h:150/w:150/czM6Ly9kaXNjb2dz/LWRhdGFiYXNlLWlt/YWdlcy9SLTQxMzM1/MTAtMTQ2MzY4ODUx/My04NTgwLmpwZWc.jpeg,,Rock,1966
Third Guitar / Eddie Holloway,Baby Don't Cry / Don't Take Your Love From Me,https://i.discogs.com/5HZLp-phYjwMXeZ4ZffZ87shKCazpgr6FaUZxa-WoRk/rs:fit/g:sm/q:40/h:150/w:150/czM6Ly9kaXNjb2dz/LWRhdGFiYXNlLWlt/YWdlcy9SLTE3Njc0/NDQtMTI2MzQ1MTQz/Ni5qcGVn.jpeg,,Funk / Soul,1968
Freddy Scott Orchestra,Hangin' Out / First Things First,https://i.discogs.com/G457zA8UdFaaZKs5EDyrvMfX57ch6FATSZgcL_PdsMw/rs:fit/g:sm/q:40/h:150/w:150/czM6Ly9kaXNjb2dz/LWRhdGFiYXNlLWlt/YWdlcy9SLTM0OTcz/MDEtMTU5MzQxODk3/MC05NTAzLmpwZWc.jpeg,Marlin,Funk / Soul,1966
The Showmen Inc,The Tramp (From Funky Broadway),https://i.discogs.com/P67XYMpQIAELY40WlGMi3sZXf2hbXExzxQADbWTc9t8/rs:fit/g:sm/q:40/h:150/w:150/czM6Ly9kaXNjb2dz/LWRhdGFiYXNlLWlt/YWdlcy9SLTY0Nzcw/NC0xNDc1NTU0NDQy/LTU1MzcuanBlZw.jpeg,Now Records,Funk / Soul,1968
Don Thompson (5),Foxy Lady,https://i.discogs.com/pz7oXn8BAM5lLI8hjyAgNkPOxk0thmYr1njVR0tpXMc/rs:fit/g:sm/q:40/h:150/w:150/czM6Ly9kaXNjb2dz/LWRhdGFiYXNlLWlt/YWdlcy9SLTQwOTc2/MTYtMTM1NTE0NzU2/MC04Nzc4LmpwZWc.jpeg,Babylon (3),Funk / Soul,1973
Black Cat (7),Lovin' You / Kingston Cardova,https://i.discogs.com/OX3IIdTz99rbYTWFqjSqn5ii1_rKwP11ky45roB_NJg/rs:fit/g:sm/q:40/h:150/w:150/czM6Ly9kaXNjb2dz/LWRhdGFiYXNlLWlt/YWdlcy9SLTIxMzA1/ODAtMTQzMjYyNzQz/NS00MjIxLmpwZWc.jpeg,Peripheral Enterprises,Funk / Soul,2008
Tony Roman / Nanette Workman,Hey Joe,https://i.discogs.com/4469_xWiul8BdqIIBoKqTb8FKHpusqD5FyljR0hHba0/rs:fit/g:sm/q:40/h:150/w:150/czM6Ly9kaXNjb2dz/LWRhdGFiYXNlLWlt/YWdlcy9SLTY2NjM4/MDYtMTQ2ODUwNTQx/Mi04NDE1LmpwZWc.jpeg,Canusa,"Rock, Funk / Soul, Pop",1967
Lee Dorsey,Working In The Coal Mine / Mexico,https://i.discogs.com/w66qY_3maPWKUk19KlpgD6xvNFj5kJyUJzYW4uz-lOg/rs:fit/g:sm/q:40/h:150/w:150/czM6Ly9kaXNjb2dz/LWRhdGFiYXNlLWlt/YWdlcy9SLTE0MjE1/NTgtMTI4MjAyMTYw/Mi5qcGVn.jpeg,,Funk / Soul,1966
El Shobey & Co.,Whole Thing / Never Missed What You Got,https://i.discogs.com/IeMyLMmVkQmxEco3kqqFRG-d5Owt7_X7fwP4huGsSro/rs:fit/g:sm/q:40/h:150/w:150/czM6Ly9kaXNjb2dz/LWRhdGFiYXNlLWlt/YWdlcy9SLTY4Mzkx/Ni0xNzM5Njc5ODM5/LTY2NDUuanBlZw.jpeg,,Funk / Soul,1972
"Ernie And The Top Notes, Inc.",Dap Walk / Things Are Better,https://i.discogs.com/eovv9UA2o7xk4K7DdLld7C92utW2BT_xDptCbHETCPQ/rs:fit/g:sm/q:40/h:150/w:150/czM6Ly9kaXNjb2dz/LWRhdGFiYXNlLWlt/YWdlcy9SLTEzMzI3/NTctMTM4OTU0MDY0/Ny0xNDYyLmpwZWc.jpeg,,Funk / Soul,1972
The Four Seasons,"December, 1963 (Oh, What A Night)",https://i.discogs.com/8bI9Yo89UzT66uwFnxyUotK0x37imbCa2YX6hg_qOWo/rs:fit/g:sm/q:40/h:150/w:150/czM6Ly9kaXNjb2dz/LWRhdGFiYXNlLWlt/YWdlcy9SLTEzMTAz/ODAxLTE1NDgxMDg2/OTEtMjg2Ni5qcGVn.jpeg,,"Rock, Pop",1975
The Four Seasons / Frankie Valli,"Oh What A Night (December, 1963) (Ben Liebrand Re-Mix 1988)",https://i.discogs.com/9wG3IZRd2szrSKfWXjlf8anxlc1KHekzfI9QEgImlsM/rs:fit/g:sm/q:40/h:150/w:150/czM6Ly9kaXNjb2dz/LWRhdGFiYXNlLWlt/YWdlcy9SLTMzODMy/NjctMTM1MTE4Njc1/NC01NzU3LmpwZWc.jpeg,BR Music,"Electronic, Pop",1988
Unknown Artist,Add Rhythm To Your Own Melody Volume 1 - Dance Time,https://i.discogs.com/Lgtt2MRI4h03ukPL3uaSNzfTMzNnRIh0VVS0rJxUpvQ/rs:fit/g:sm/q:40/h:150/w:150/czM6Ly9kaXNjb2dz/LWRhdGFiYXNlLWlt/YWdlcy9SLTM4NDI1/OTEtMTUyOTMzNDU4/NC03Nzc3LmpwZWc.jpeg,"Ad-Rhythm, Ad-Rhythm",Latin,1966
Unknown Artist,Add Rhythm To Your Own Melody Volume 2 - Latin American,https://i.discogs.com/ZLyap1lwslLvnqfq12V7CmceMpLssbT9uOG4IgAYRMc/rs:fit/g:sm/q:40/h:150/w:150/czM6Ly9kaXNjb2dz/LWRhdGFiYXNlLWlt/YWdlcy9SLTI5ODI1/NzctMTY1NDgyNjI4/OS00Njg4LmpwZWc.jpeg,"Ad-Rhythm, Ad-Rhythm",Jazz,1966
Unknown Artist,Add Rhythm To Your Own Melody Volume 3 Pop Time,https://i.discogs.com/KNW3NF-vDGL5STN5Go0ao6MbJXc61fHokOIGuw4NnZU/rs:fit/g:sm/q:40/h:150/w:150/czM6Ly9kaXNjb2dz/LWRhdGFiYXNlLWlt/YWdlcy9SLTUzNzc3/MTUtMTM5MTg4ODA0/OC0yMTk2LmpwZWc.jpeg,Ad-Rhythm,"Latin, Pop",1967
Gorgeous George,Fon-Kin / Love Serenade,https://i.discogs.com/v904lt_jd53kei6nVwt-Hje90aaX_kvQBnFPX8LSNYU/rs:fit/g:sm/q:40/h:150/w:150/czM6Ly9kaXNjb2dz/LWRhdGFiYXNlLWlt/YWdlcy9SLTEwNzE4/NDgtMTU1NzY5MjA4/Ny0yMjQxLmpwZWc.jpeg,HoMark Records,"Funk / Soul, Pop",1976
Mashmakhan,Dance A Little Step,https://i.discogs.com/9j41wF64TG0mr-8n0oLfKTXjKP8K2-nnRwmUf7SkFD8/rs:fit/g:sm/q:40/h:150/w:150/czM6Ly9kaXNjb2dz/LWRhdGFiYXNlLWlt/YWdlcy9SLTI2MzYz/MjAtMTU4Mzk1NDQ1/Mi02MTIzLmpwZWc.jpeg,,"Rock, Pop",1973
April & Ian Douglas,People's People / I Can Count On You,https://i.discogs.com/5HtzEHF5zwse4CKL4hodjBqASh9spI83EG-vdhGg7tM/rs:fit/g:sm/q:40/h:150/w:150/czM6Ly9kaXNjb2dz/LWRhdGFiYXNlLWlt/YWdlcy9SLTI0ODE3/ODktMTM5NDEzMTY2/MC0xNTM3LmpwZWc.jpeg,,"Rock, Funk / Soul",1972
Assagai,Telephone Girl / I'll Wait For You,https://i.discogs.com/r-hdv3P7uxgfL7jATLIqCAaOzibG3LF33w3rOYYjcRc/rs:fit/g:sm/q:40/h:150/w:150/czM6Ly9kaXNjb2dz/LWRhdGFiYXNlLWlt/YWdlcy9SLTQxMDQ5/ODItMTM1NTQwNTkw/Ni04OTA0LmpwZWc.jpeg,,Funk / Soul,1971
Rogier Van Otterloo,Let's Go To Randstad,https://i.discogs.com/uciX7EbtFfnM4r70_dovybE9ujmC82s4EWahzNAGBQ8/rs:fit/g:sm/q:40/h:150/w:150/czM6Ly9kaXNjb2dz/LWRhdGFiYXNlLWlt/YWdlcy9SLTIwNTkx/MDUtMTU2MzMxMTc0/MS03NjQyLmpwZWc.jpeg,,"Jazz, Funk / Soul, Non-Music, Classical, Stage & Screen",1974
Beth Moore,Put Your Hand In The Hand,https://i.discogs.com/JGT0B49B8EWMGmuxqmlYYpcbnYIUntqMDHatWQTScLM/rs:fit/g:sm/q:40/h:150/w:150/czM6Ly9kaXNjb2dz/LWRhdGFiYXNlLWlt/YWdlcy9SLTE5NDA1/ODYtMTM5MDEzODA2/NS01ODEyLmpwZWc.jpeg,,"Folk, World, & Country",1971
Allison Durbin,Put Your Hand In The Hand,https://i.discogs.com/m7qP0QcY-YOy-F4TaLI2ssobD28I_IVfZ_V3asV1QLI/rs:fit/g:sm/q:40/h:150/w:150/czM6Ly9kaXNjb2dz/LWRhdGFiYXNlLWlt/YWdlcy9SLTY5MTEy/NDEtMTY3NzY3MTg5/MC03Mzk5LmpwZWc.jpeg,Columbia,Pop,1971
Electric Max Band,Max On My Mind,https://i.discogs.com/eRxj0w7ldx9En2hIl1M8_nvJHFGCBqKUUHAHBnq7Cgg/rs:fit/g:sm/q:40/h:150/w:150/czM6Ly9kaXNjb2dz/LWRhdGFiYXNlLWlt/YWdlcy9SLTE1MTI2/MzgtMTQ0NTU4MTgw/OC0yMjg1LmpwZWc.jpeg,"Reprise Records, WEA Filipacchi Music","Rock, Funk / Soul",1973
3 Hür-El,Gönül Sabreyle Sabreyle / Küçük Yaramaz,https://i.discogs.com/Pj56nEJueqlX6jivqaNKpqxm2sT1uSxoQgPCRoxADpg/rs:fit/g:sm/q:40/h:150/w:150/czM6Ly9kaXNjb2dz/LWRhdGFiYXNlLWlt/YWdlcy9SLTQxNjY1/MTYtMTQwMzYyMTM4/Ni0xNzI4LmpwZWc.jpeg,Diskotür,"Folk, World, & Country",1975
Lorez Alexandria,Baltimore Oriole,https://i.discogs.com/ALyN6-fqGX0bBA8UiUHVrmYNjtD4Eo0heFgmSM6DObw/rs:fit/g:sm/q:40/h:150/w:150/czM6Ly9kaXNjb2dz/LWRhdGFiYXNlLWlt/YWdlcy9SLTUzMTE1/MS0xMzY5NDE0MDAz/LTQ5OTAuanBlZw.jpeg,Jazzman,"Jazz, Funk / Soul",2004
Ohio Players,Funky Worm / Paint Me,https://i.discogs.com/D5mdhJ1nQfEvZWHahZJQATpsB11wwexieiKE5PEDzxA/rs:fit/g:sm/q:40/h:150/w:150/czM6Ly9kaXNjb2dz/LWRhdGFiYXNlLWlt/YWdlcy9SLTk0NjMw/My0xMTc1OTQ1NzQw/LmpwZWc.jpeg,,Funk / Soul,1973
Swithold,Slow Burner / Waitin' For You,https://i.discogs.com/IZgu6k352IDBBakW-jmEhK5JAK5qSNS5SXzAY7cEHOQ/rs:fit/g:sm/q:40/h:150/w:150/czM6Ly9kaXNjb2dz/LWRhdGFiYXNlLWlt/YWdlcy9SLTQwNzE1/MDAtMTU0NDY2Mzgw/Mi02NzgyLmpwZWc.jpeg,Pork (3),Rock,1975
Mal,"Sole, Pioggia E Vento ",https://i.discogs.com/lbtJQZSImeM0xhWpdQO3ps7E679XzajAOTxPpwJmcEk/rs:fit/g:sm/q:40/h:150/w:150/czM6Ly9kaXNjb2dz/LWRhdGFiYXNlLWlt/YWdlcy9SLTI5MDEz/ODctMTU4NTk2NDUz/OC01ODAwLmpwZWc.jpeg,,Pop,1970
Cads,Don't Know My Tomorrow / Get Out Of My Life Woman,https://i.discogs.com/Qt9JEB606RbG9sjFdaU9vpvrp-3_HHXmukM7C5J3htI/rs:fit/g:sm/q:40/h:150/w:150/czM6Ly9kaXNjb2dz/LWRhdGFiYXNlLWlt/YWdlcy9SLTM2NzM1/OTktMTU0ODI1MzQw/Ny01NDcyLmpwZWc.jpeg,Sweden Records,"Rock, Pop",1968
Supersister (2),Radio,https://i.discogs.com/SRZT3WT9yARcVLgQ9x1DJYrCBEecNohb5QgtT3T2EDc/rs:fit/g:sm/q:40/h:150/w:150/czM6Ly9kaXNjb2dz/LWRhdGFiYXNlLWlt/YWdlcy9SLTIwNDk0/NDEtMTQ1OTk0ODMw/My01OTM0LmpwZWc.jpeg,Polydor,"Jazz, Rock, Pop",1972
Preacher (5),Life Is A Gamble,https://i.discogs.com/s_Ohi5gBtCXBvNiHXEn-x_7CicJ7ZFz0v53x5he2P0k/rs:fit/g:sm/q:40/h:150/w:150/czM6Ly9kaXNjb2dz/LWRhdGFiYXNlLWlt/YWdlcy9SLTIxMTcx/OTUtMTI2NDk1NjQ2/Ni5qcGVn.jpeg,"Column, Column",Funk / Soul,1973
Owen Gray,Groove Me ,https://i.discogs.com/u8d6ifOydYrQbg3p1-x2wA5Gw78o1M7WsOCOkRumIpU/rs:fit/g:sm/q:40/h:150/w:150/czM6Ly9kaXNjb2dz/LWRhdGFiYXNlLWlt/YWdlcy9SLTE2MzU0/NTgtMTIzMzYwOTQx/OS5qcGVn.jpeg,Camel,Reggae,1970
John Phillips Soul & His Stone Marching Band,The Soul Strut / That Memphis Thing,https://i.discogs.com/pDPE4LkMNtbuiGWe4IbEm-ETH-CfZAIBEN5aIc-xsCk/rs:fit/g:sm/q:40/h:150/w:150/czM6Ly9kaXNjb2dz/LWRhdGFiYXNlLWlt/YWdlcy9SLTk0NjQ5/NS0xNTcwMTI0OTIy/LTkwOTcuanBlZw.jpeg,Pepper (2),Funk / Soul,1968
Richard Caiton,I Like To Get Near You / It's Been A Long Time,https://i.discogs.com/Z7SKXQRvPwRJl44gjinasNArAxIzFjl9qdsqjpVUARk/rs:fit/g:sm/q:40/h:150/w:150/czM6Ly9kaXNjb2dz/LWRhdGFiYXNlLWlt/YWdlcy9SLTQ5MjU1/MzUtMTUxNzcyODQ5/Ny04OTY0LmpwZWc.jpeg,Up-Tight,Funk / Soul,1968
The U-F-O's,Too Hot To Hold / La-La Means I Love You,https://i.discogs.com/T9w5M4GV8nPtdU0hdNABIOrez5GamGtlnRvP8F3ZPqs/rs:fit/g:sm/q:40/h:150/w:150/czM6Ly9kaXNjb2dz/LWRhdGFiYXNlLWlt/YWdlcy9SLTMxMTM3/NDktMTMxNjQxNjQy/OC5qcGVn.jpeg,Rising-Soul,Funk / Soul,1968
Lee Rogers,You Won't Have To Wait Till Xmas,https://i.discogs.com/0BSXCc_cVWkOtGTG_YSpnSkVZszZRF8XkAW-003mAW0/rs:fit/g:sm/q:40/h:150/w:150/czM6Ly9kaXNjb2dz/LWRhdGFiYXNlLWlt/YWdlcy9SLTMxNDQ2/NDgtMTMxNzgyODM1/MC5qcGVn.jpeg,D-Town Records,Funk / Soul,1965
Parla Şenol,İsmail / Şu Başıma Gelenler,https://i.discogs.com/XDqEL5NFUrg0CT6kPWFgGHI9Sv2Ze9CPlL9JAHraKUs/rs:fit/g:sm/q:40/h:150/w:150/czM6Ly9kaXNjb2dz/LWRhdGFiYXNlLWlt/YWdlcy9SLTgyNzIy/MjItMTYyMjk4MTk3/My01OTM3LmpwZWc.jpeg,Ezgi Plâkları,"Funk / Soul, Folk, World, & Country",1976
The Alfred Studio Jazz-Rock Ensemble,Alfred's  Stage Band Convertibles,https://i.discogs.com/mJJ7cP9uVEQhw007A0afcttZc-azMiklcw6TbkGoCbY/rs:fit/g:sm/q:40/h:150/w:150/czM6Ly9kaXNjb2dz/LWRhdGFiYXNlLWlt/YWdlcy9SLTEyMjc4/ODUtMTM0NTgzMzQ3/Mi02NDYzLmpwZWc.jpeg,Alfred Music Co. Records,Jazz,
Marva Hodge / Moody Sect,Let The Sun Shine In / 00-43-GM,https://i.discogs.com/jgPy0ve6tPRZvLkY41_ke3Hfu66BRifBiBRRKxw-zTQ/rs:fit/g:sm/q:40/h:150/w:150/czM6Ly9kaXNjb2dz/LWRhdGFiYXNlLWlt/YWdlcy9SLTE1OTQ2/MzgtMTQ5Njc0NTA1/NC04ODA4LmpwZWc.jpeg,"Philips, Philips",Funk / Soul,1969
Elmer Parker / The Nite Lighters,Going To New York ,https://i.discogs.com/Tv_usHTkFI-Z7N-7undDBbId08I0kTcPH5R5IgTTtY4/rs:fit/g:sm/q:40/h:150/w:150/czM6Ly9kaXNjb2dz/LWRhdGFiYXNlLWlt/YWdlcy9SLTEwMzEz/MTQ4LTE1NzI5MDUw/ODQtNzYzNS5qcGVn.jpeg,Blue Jay Records (10),Funk / Soul,
Чарівні Гітари,Васильковое Платье,https://i.discogs.com/Iae_CbH6T6Vw9axCEFLdW7lfCdx-nKmbXXrFKKfDBgM/rs:fit/g:sm/q:40/h:150/w:150/czM6Ly9kaXNjb2dz/LWRhdGFiYXNlLWlt/YWdlcy9SLTMyNDc5/NTgtMTQ3ODI0Mjg0/MS0yOTI5LmpwZWc.jpeg,Мелодия,"Funk / Soul, Pop",1979
Benny Sharp / The Sharpees,Music (I Like It),https://i.discogs.com/Af2wHhpafsTbY9eL9J3Z3wQav-u_e5pTA3D9gpy-6bs/rs:fit/g:sm/q:40/h:150/w:150/czM6Ly9kaXNjb2dz/LWRhdGFiYXNlLWlt/YWdlcy9SLTEwNTE4/ODQtMTQ4MDg4NjUy/OS0zMTk3LmpwZWc.jpeg,Midas Records,Funk / Soul,1969
Les Crane,Desiderata / A Different Drummer,https://i.discogs.com/-9j6KmQSh0jNyANNcWlsI-7Sv2ff252qug930pzv3kA/rs:fit/g:sm/q:40/h:150/w:150/czM6Ly9kaXNjb2dz/LWRhdGFiYXNlLWlt/YWdlcy9SLTI4NjM2/NzktMTM2NjUyMDM5/Ni01NjE1LmpwZWc.jpeg,Warner Bros. Records,"Electronic, Rock",1971
The Rolling Stones,Get Off Of My Cloud,https://i.discogs.com/M_qTmUo0_-GkjEKSTiVACWgp5qzUF_6aTM45mqqyjVk/rs:fit/g:sm/q:40/h:150/w:150/czM6Ly9kaXNjb2dz/LWRhdGFiYXNlLWlt/YWdlcy9SLTY0MjM5/ODMtMTcxNTE4OTQz/Mi0zMzI1LmpwZWc.jpeg,Decca,Rock,1965
Lee Dorsey,"Get Out Of My Life, Woman",https://i.discogs.com/Id0ukH6PhduCTPnH14487XOzzf6v04gJ6P2FlcSjkr0/rs:fit/g:sm/q:40/h:150/w:150/czM6Ly9kaXNjb2dz/LWRhdGFiYXNlLWlt/YWdlcy9SLTIyNzQy/MjQtMTcxNzcwMTcx/NC0yMTY0LmpwZWc.jpeg,Stateside,Funk / Soul,1965
The Beginning Of The End,Funky Nassau,https://i.discogs.com/lmFm5PdoJub6X2ABSh23DT3zDrVyqm4g3H2hXrvXq9o/rs:fit/g:sm/q:40/h:150/w:150/czM6Ly9kaXNjb2dz/LWRhdGFiYXNlLWlt/YWdlcy9SLTUxOTcw/OC0xNDUzNzY4MjYy/LTI0NDMuanBlZw.jpeg,,Funk / Soul,1971
Spanky Wilson,You / Sunshine Of Your Love,https://i.discogs.com/e1Nb0-eYSmVxjKcAtjSZkzrQ1mFYKKGZ4Mb8n-9zbyU/rs:fit/g:sm/q:40/h:150/w:150/czM6Ly9kaXNjb2dz/LWRhdGFiYXNlLWlt/YWdlcy9SLTU3NTc0/OS0xMTMzNDY1OTc5/LmpwZWc.jpeg,BGP Records,Funk / Soul,2003
Fox (3),S-s-s-single Bed,https://i.discogs.com/H2UB1s544YL1gzf04F2BRucPH48H9d6lkseAXzdoiaE/rs:fit/g:sm/q:40/h:150/w:150/czM6Ly9kaXNjb2dz/LWRhdGFiYXNlLWlt/YWdlcy9SLTg4ODA5/OS0xNjU3MjM5MTY0/LTcwMjkuanBlZw.jpeg,GTO,"Rock, Pop",1976
Sky (4),The Animals (Part One),https://i.discogs.com/kN3X8zNSkksg9fWyVWAVrwNOo2BrQV0SKx6hx-qHWFM/rs:fit/g:sm/q:40/h:150/w:150/czM6Ly9kaXNjb2dz/LWRhdGFiYXNlLWlt/YWdlcy9SLTEzNTYw/MTc4LTE1NTY1MTg1/NDAtNDI4MS5qcGVn.jpeg,Arista,"Jazz, Rock",1983
Avant House Band,Scorpio ,https://i.discogs.com/tZ7p4OwRKzedL72MYmtIfnixEyWsI6k0W3eKlaiaAq0/rs:fit/g:sm/q:40/h:150/w:150/czM6Ly9kaXNjb2dz/LWRhdGFiYXNlLWlt/YWdlcy9SLTIwMjI4/MDUtMTI1OTA5OTcz/MS5qcGVn.jpeg,Avant Records (2),"Jazz, Funk / Soul",
Lefties Soul Connection,Fais Do-Do,https://i.discogs.com/nIxUmdgPumLism3H9wxAcXOByA9lkq_yEAym8oeLX2Q/rs:fit/g:sm/q:40/h:150/w:150/czM6Ly9kaXNjb2dz/LWRhdGFiYXNlLWlt/YWdlcy9SLTk1MDk3/NS0xNTQ1MDgzMzU3/LTI4MTEuanBlZw.jpeg,Melting Pot Music,Funk / Soul,2007
The Duke Of Burlington,Flash,https://i.discogs.com/fHU7rHdWPh42UznuCPtA0rVjsVGWaAGGt5y7sUyae0Y/rs:fit/g:sm/q:40/h:150/w:150/czM6Ly9kaXNjb2dz/LWRhdGFiYXNlLWlt/YWdlcy9SLTE1MDMx/NTEtMTIyNDY5Nzg2/OS5qcGVn.jpeg,"Signal (5), Signal (5)","Jazz, Funk / Soul",1969
Uma (31),Pretty Lady/Woman,https://i.discogs.com/E077fWhNOc8Rat5ZMOjSEFESMTfpsUgAPp8QSrI_SQY/rs:fit/g:sm/q:40/h:150/w:150/czM6Ly9kaXNjb2dz/LWRhdGFiYXNlLWlt/YWdlcy9SLTUxMjI0/ODMtMTUyMzkyNTI0/OS0yMzgzLmpwZWc.jpeg,Uma-Lin Records,"Funk / Soul, Pop",1984
The Brothers (2),Brothers Groove / Funky Paella,https://i.discogs.com/ik9_VEpC229y4m1z9eZ_AYMkDyYSOz3b64uEVpOeo9g/rs:fit/g:sm/q:40/h:150/w:150/czM6Ly9kaXNjb2dz/LWRhdGFiYXNlLWlt/YWdlcy9SLTk2MTIz/MTItMTQ4MzY0MDkw/OC05NDMxLmpwZWc.jpeg,Columbia,Funk / Soul,1971
White Cloud Orchestra,This Is Soul - Top Hits Vol. 3,https://i.discogs.com/1DZCUthZAo8YaqyhOORvFmi0nayYTR8YNhvyNP3IdFo/rs:fit/g:sm/q:40/h:150/w:150/czM6Ly9kaXNjb2dz/LWRhdGFiYXNlLWlt/YWdlcy9SLTY1ODA0/MDgtMTY0MjczMDE4/MC0zNzM4LmpwZWc.jpeg,White Cloud (3),"Funk / Soul, Pop",1969
Virginia Vee,Je Ne Veux Plus Te Voir Ici,https://i.discogs.com/xjmCuNUShoc6hcsE_b_rrn5z8OZ92Zt5Kqmc3lFEsl4/rs:fit/g:sm/q:40/h:150/w:150/czM6Ly9kaXNjb2dz/LWRhdGFiYXNlLWlt/YWdlcy9SLTQzMTkx/NDUtMTQ0Mjk2Njc4/MC01NDc4LmpwZWc.jpeg,La Voix De Son Maître,"Jazz, Rock, Funk / Soul, Pop",1965
Frank Miller Y Su Hispania Soul,Sicodelico / Hippy / Quiero / Melenas Club,https://i.discogs.com/qcYwCknjs2Ctl-OxTOQrhsKBaVM3kYsFMHJRtxFvJJc/rs:fit/g:sm/q:40/h:150/w:150/czM6Ly9kaXNjb2dz/LWRhdGFiYXNlLWlt/YWdlcy9SLTQ1Mzk0/MTAtMTM4NTU3NTIz/MS04MjQxLmpwZWc.jpeg,Sandiego,Funk / Soul,1969
Valérie Lagrange,I Love You So / Si Ma Chanson Pouvait,https://i.discogs.com/3eIJHYaN08uwBRrC0Wx3MIeeP0R_RHekbN9WqYq4b-Q/rs:fit/g:sm/q:40/h:150/w:150/czM6Ly9kaXNjb2dz/LWRhdGFiYXNlLWlt/YWdlcy9SLTE3NDI1/NDUtMTM4NzI4Nzkx/Mi02MzM3LmpwZWc.jpeg,"BYG Records, BYG Records",Rock,1971
Filippo Trecca,"Anna, Una Donna / Col Fiato In Gola",https://i.discogs.com/3ECS_cv8Tf7_VWM-jNDYs5cXqA6CQSoLR7KvMnsPHDg/rs:fit/g:sm/q:40/h:150/w:150/czM6Ly9kaXNjb2dz/LWRhdGFiYXNlLWlt/YWdlcy9SLTQzMjc5/OTItMTUxMTA4Nzkz/NS00MjYxLmpwZWc.jpeg,"Cetra, Cetra",Stage & Screen,1978
Truman Thomas,Respect / Funky Broadway,https://i.discogs.com/MGrAsbmIRkvS9Jbh6BVqJrkn1XqXWTUDo9-q3Sr9by4/rs:fit/g:sm/q:40/h:150/w:150/czM6Ly9kaXNjb2dz/LWRhdGFiYXNlLWlt/YWdlcy9SLTc5NzMw/OTQtMTQ3Njg5NDMy/Ny0zNzkxLmpwZWc.jpeg,Veep,Funk / Soul,1968
Leone Di Lernia,Gaccia Ad'Ave,https://i.discogs.com/WiOCPTGu0Y_ihcFWWmyQQWjUAvKNAuMMfCZDgjaSzbw/rs:fit/g:sm/q:40/h:150/w:150/czM6Ly9kaXNjb2dz/LWRhdGFiYXNlLWlt/YWdlcy9SLTMwNTU0/MzAtMTU0NDc4OTE4/NS04OTQ1LmpwZWc.jpeg,Alpharecord,"Funk / Soul, Pop",1975
Orchestra Di Enrico Simonetti,Blue Frog,https://i.discogs.com/cc5yeZSUpzS4JL08hUhuShpuY2h-82AthDwkt3J3e_8/rs:fit/g:sm/q:40/h:150/w:150/czM6Ly9kaXNjb2dz/LWRhdGFiYXNlLWlt/YWdlcy9SLTEzNTQ2/NzctMTc2NDc5MjQ5/NS0zMzEyLmpwZWc.jpeg,Harmony,"Electronic, Rock",1975
Laurence Thomas,Why Do Young Kids Stray,https://i.discogs.com/wKpEloRmaV5Ry1n1QeZWynCV0iZQYza8jjRo0J9WbSU/rs:fit/g:sm/q:40/h:150/w:150/czM6Ly9kaXNjb2dz/LWRhdGFiYXNlLWlt/YWdlcy9SLTI4NTUz/NTYtMTU5NDk4Nzkw/NC0yNzY4LmpwZWc.jpeg,"Soul ""O"" Sonic Records",Funk / Soul,1974
Steve Colt,Dynamite / Take Away,https://i.discogs.com/ZSzDvPWtscguCgMSHTGOwNx4RKnVlFNS-ZfNsQyGZzM/rs:fit/g:sm/q:40/h:150/w:150/czM6Ly9kaXNjb2dz/LWRhdGFiYXNlLWlt/YWdlcy9SLTQwNTUx/MjgtMTM1Mzc0ODY4/OC01ODAwLmpwZWc.jpeg,Big Beat Records (10),Funk / Soul,1967
Backyard Heavies,Chitlin' Strut / Humpin',https://i.discogs.com/9m9y1Jde2r1ioZtBrbHdhZMog8MQVEyFepaK94yecNw/rs:fit/g:sm/q:40/h:150/w:150/czM6Ly9kaXNjb2dz/LWRhdGFiYXNlLWlt/YWdlcy9SLTQ5MzIy/MDQtMTQxMTQ5MjI0/My04OTAwLmpwZWc.jpeg,Scepter Records,Funk / Soul,1972
Tommy Roe,Stir It Up And Serve It,https://i.discogs.com/uO8jlQLFQsb10LdgndVjAULMGRlMGGtd580gI8ypCuo/rs:fit/g:sm/q:40/h:150/w:150/czM6Ly9kaXNjb2dz/LWRhdGFiYXNlLWlt/YWdlcy9SLTI0OTQ0/NjctMTYxMjEzNzcw/Ny02ODE2LmpwZWc.jpeg,,"Rock, Pop",1970
The Soul Surfers (2),Summer Madness Pt.1 & 2,https://i.discogs.com/fAVPNh-sXsxH_UjfqOqnr_pXxcZ8i_XlZrNEiuF5oAU/rs:fit/g:sm/q:40/h:150/w:150/czM6Ly9kaXNjb2dz/LWRhdGFiYXNlLWlt/YWdlcy9SLTE0MDU1/NzIwLTE1NjY5NjMy/OTAtNjAwMy5qcGVn.jpeg,Ubiquity,Funk / Soul,2019
Harvey & The Phenomenals,Soul & Sunshine / What Can I Do,https://i.discogs.com/B3hXTSmVg6JuljIhXBG0tDVkEqS5R1pQjwe_clRPHws/rs:fit/g:sm/q:40/h:150/w:150/czM6Ly9kaXNjb2dz/LWRhdGFiYXNlLWlt/YWdlcy9SLTUwNjg2/Mi0xMzIyNjQ4Mjc2/LmpwZWc.jpeg,Funk45,Funk / Soul,1971
The Montereys / The Devastations,Get Down / Congestion,https://i.discogs.com/oQKvVxDyPwEoatg1Hv-Xir_q07wtFDzhgCDTvguhu9U/rs:fit/g:sm/q:40/h:150/w:150/czM6Ly9kaXNjb2dz/LWRhdGFiYXNlLWlt/YWdlcy9SLTg1ODMx/OC0xMTY2MTE3NDQ2/LmpwZWc.jpeg,Funk45,Funk / Soul,2006
Unknown Artist,I Want To Be Somebody's Baby,https://i.discogs.com/lYYubAAU8yVUUEumse0UsoLZlN7YnLzyk2rwtM6PHnw/rs:fit/g:sm/q:40/h:150/w:150/czM6Ly9kaXNjb2dz/LWRhdGFiYXNlLWlt/YWdlcy9SLTU5NTg0/NzAtMTQwNzM4MzA1/Mi0zNTc1LmpwZWc.jpeg,Hoctor Records,Funk / Soul,
Tony Alvon & The Belairs,Boom-Boom-Boom / Sexy Coffee Pot,https://i.discogs.com/3tcLZABaqU4AEPySzCJwUnCEzL83N-kXqfu-ai-9q5E/rs:fit/g:sm/q:40/h:150/w:150/czM6Ly9kaXNjb2dz/LWRhdGFiYXNlLWlt/YWdlcy9SLTMxNTg1/MzMtMTQ0Mzc5MDUy/OS00ODg3LmpwZWc.jpeg,,Funk / Soul,1969
Cresa Watson,Dead ,https://i.discogs.com/-tl37DmeSSUI-5BVAVxokgZcDavq8oX9UE4T8TkA_tc/rs:fit/g:sm/q:40/h:150/w:150/czM6Ly9kaXNjb2dz/LWRhdGFiYXNlLWlt/YWdlcy9SLTY2NjY4/MjctMTQ0NDcyNzUy/Mi05Mjg4LmpwZWc.jpeg,,Funk / Soul,1969
Big Ella,Too Hot To Hold / Come Back Home,https://i.discogs.com/-_P-Hi0dlXz1pMOk9DFLVEusexHzUKVX7eWKrJfCWho/rs:fit/g:sm/q:40/h:150/w:150/czM6Ly9kaXNjb2dz/LWRhdGFiYXNlLWlt/YWdlcy9SLTEzMTAw/OTMtMTYxMzIyMDIz/OS02MDMxLmpwZWc.jpeg,Salem Records,Funk / Soul,1969
"Jimmy ""Bo"" Horne",If You Want My Love,https://i.discogs.com/Ab8yRbi171RHIMrT8AfOA7Nk0kV5Sn1mL6spMw_r-08/rs:fit/g:sm/q:40/h:150/w:150/czM6Ly9kaXNjb2dz/LWRhdGFiYXNlLWlt/YWdlcy9SLTIzOTEx/MTg3LTE2NTgwNTI3/MDEtMzI4Ny5qcGVn.jpeg,,Funk / Soul,1972
Airto Fogo,Jungle Bird / Black Soul,https://i.discogs.com/lf9rgRth91xv0WBSA9se8uUtaxkkl26ClSY0nmO-M_o/rs:fit/g:sm/q:40/h:150/w:150/czM6Ly9kaXNjb2dz/LWRhdGFiYXNlLWlt/YWdlcy9SLTE5MDI0/NjYtMTQ2NzI0MDQ4/OS0zOTMwLmpwZWc.jpeg,,"Jazz, Latin, Funk / Soul",1974
Tony Gregory / The Soul Brothers,Get Out My Life Woman / Sugar Cane,https://i.discogs.com/nHANAaoWLztCJCI-uhq1xQVx2Qg9k21C1NL4vf3FGZM/rs:fit/g:sm/q:40/h:150/w:150/czM6Ly9kaXNjb2dz/LWRhdGFiYXNlLWlt/YWdlcy9SLTUxNDAw/MTktMTQxMzQ1MjU1/Ni01NjA5LmpwZWc.jpeg,Coxsone Records,"Reggae, Funk / Soul",1966
Ruby Andrews,You Made A Believer (Out Of Me) / Where Have You Gone,https://i.discogs.com/ok-aO03V4BhbcIDjPctlEXHLmSg6oaPkhiJ2QnZtiM8/rs:fit/g:sm/q:40/h:150/w:150/czM6Ly9kaXNjb2dz/LWRhdGFiYXNlLWlt/YWdlcy9SLTQ5Njk5/MDMtMTYyMzY0MTg4/Mi03NjgwLmpwZWc.jpeg,Zodiac Records,Funk / Soul,1969
Jerry O,There Was A Time / Funky Charge,https://i.discogs.com/l7dkQ8vb7v7z_cMqlQglTa70I8W88e33fi2UcxzfukE/rs:fit/g:sm/q:40/h:150/w:150/czM6Ly9kaXNjb2dz/LWRhdGFiYXNlLWlt/YWdlcy9SLTM5OTE4/NzgtMTM1MTYyNTMx/MS0yNTQzLmpwZWc.jpeg,,Funk / Soul,1969
Freddie Waters,Love Is A Two Way Thing / I've Got A Good Love,https://i.discogs.com/60t8QE7jLEtyxYhLpHRqmCWUCYqzkCRlHcMxfcsleZQ/rs:fit/g:sm/q:40/h:150/w:150/czM6Ly9kaXNjb2dz/LWRhdGFiYXNlLWlt/YWdlcy9SLTQyNzI1/MjQtMTUxNzIxMjYw/OS0xNzcwLmpwZWc.jpeg,,Funk / Soul,1973
The Vibrettes,Humpty Dump,https://i.discogs.com/WgZItmha1x2wZlrvfBQcEnBOsjeUeed6YYkJYcBboEU/rs:fit/g:sm/q:40/h:150/w:150/czM6Ly9kaXNjb2dz/LWRhdGFiYXNlLWlt/YWdlcy9SLTU1NzQz/NC0xMjM1ODE4Nzgw/LmpwZWc.jpeg,,Funk / Soul,1973
No To Co,See See Rider,https://i.discogs.com/ZQs39_yYuV_qoW3BYpn6BERRs2aennMZnqbhPYeOO1U/rs:fit/g:sm/q:40/h:150/w:150/czM6Ly9kaXNjb2dz/LWRhdGFiYXNlLWlt/YWdlcy9SLTExMDkz/MzA4LTE1MDk3MzMy/ODMtNjg4Ni5qcGVn.jpeg,,Rock,1970
Color Climax,Batidas Latinas ,https://i.discogs.com/D6QyXutshMn8I3dMc8-NMjO0KAtU74mWBp4kUskx7O4/rs:fit/g:sm/q:40/h:150/w:150/czM6Ly9kaXNjb2dz/LWRhdGFiYXNlLWlt/YWdlcy9SLTE2OTQ4/My0xNTMxMTA1NzQ4/LTg4NjcuanBlZw.jpeg,Breakin' Bread (3),"Latin, Funk / Soul",2002
The Village Callers,Hector / I'm Leaving,https://i.discogs.com/etl-ulLRpipBdxgDTnobzDtfzJlIxR1LmP-Qg8vOklk/rs:fit/g:sm/q:40/h:150/w:150/czM6Ly9kaXNjb2dz/LWRhdGFiYXNlLWlt/YWdlcy9SLTcwMjY0/OC0xMTgxNzI4NTQ3/LmpwZWc.jpeg,,"Latin, Funk / Soul",1968
Sam Dees / Bettye Swann,Storybook Children,https://i.discogs.com/0QUb4o-DILOtvxVgOyDOfr9273C__sr2DH88VcqbMrk/rs:fit/g:sm/q:40/h:150/w:150/czM6Ly9kaXNjb2dz/LWRhdGFiYXNlLWlt/YWdlcy9SLTIxODAz/MjItMTM3NTM3NzU5/MC02NDAwLmpwZWc.jpeg,Atlantic,Funk / Soul,1975
Barrett Strong,Stand Up And Cheer  For The Preacher,https://i.discogs.com/pDz5TZNp8CqhClq2ir14nKoyr1G6DLgkGeou-ljo6Do/rs:fit/g:sm/q:40/h:150/w:150/czM6Ly9kaXNjb2dz/LWRhdGFiYXNlLWlt/YWdlcy9SLTcwNDU2/OC0xNDY0MzkwMjA0/LTg4MjkuanBlZw.jpeg,Epic,Funk / Soul,1973
The Rimshots,Dance Girl,https://i.discogs.com/Eni6BxvYg-v5VinSRCgmF3h5qL5vFHmg7Rp5kKnHMvU/rs:fit/g:sm/q:40/h:150/w:150/czM6Ly9kaXNjb2dz/LWRhdGFiYXNlLWlt/YWdlcy9SLTcwMjY4/OC0xMTU1NzM5MTI0/LmpwZWc.jpeg,Astroscope,Funk / Soul,1974
The Rock & Roll Dubble Bubble Trading Card Co. Of Philadelphia,Bubble Gum Music / On A Summer Night,https://i.discogs.com/Cx7ynS7pjF9Y5vUhb2ujFfbiFg0t8wPrgWri-PREgqk/rs:fit/g:sm/q:40/h:150/w:150/czM6Ly9kaXNjb2dz/LWRhdGFiYXNlLWlt/YWdlcy9SLTI3Mjc2/NjgtMTMxNTE4MDU5/NS5qcGVn.jpeg,Buddah Records,"Rock, Pop",1968
Anthony Butler & The Invaders,The Chokin' Kind,https://i.discogs.com/bM8rsZBtfArfOgQRuH3B5CInO3slYxR60crX-yg8WDw/rs:fit/g:sm/q:40/h:150/w:150/czM6Ly9kaXNjb2dz/LWRhdGFiYXNlLWlt/YWdlcy9SLTE5OTU3/NzgtMTMzNjkxMDEw/NS04MjQzLmpwZWc.jpeg,,Funk / Soul,1969
Patrick Samson / Cool Heat,Na Na Hey Hey (Kiss Him Goodbye) / Groovin With Mr. Bloe,https://i.discogs.com/N0XIowF0BBpiS-Otnhe2raBAwFMh3x95KNKUxsnokdE/rs:fit/g:sm/q:40/h:150/w:150/czM6Ly9kaXNjb2dz/LWRhdGFiYXNlLWlt/YWdlcy9SLTQ2NDg0/ODItMTM3MjUzMDc4/Ni05MzQyLmpwZWc.jpeg,Carosello,"Rock, Funk / Soul",1970
Cleveland Wrecking Co.,Superfine From Behind Lady,https://i.discogs.com/6b8GfR1NqhBlCxfbZMyb1O3AhWffv4Nwp35jgCIYQ3A/rs:fit/g:sm/q:40/h:150/w:150/czM6Ly9kaXNjb2dz/LWRhdGFiYXNlLWlt/YWdlcy9SLTMxMDg0/MjQtMTMyMDE1ODYx/MS5qcGVn.jpeg,Glen Glenn Sound Records,Funk / Soul,1975
Mac And Katie Kissoon,Beautiful World Out There,https://i.discogs.com/f19XW1eFJ-nPXtl15ZosOAb2n15M3H0JSpeMibH0IFg/rs:fit/g:sm/q:40/h:150/w:150/czM6Ly9kaXNjb2dz/LWRhdGFiYXNlLWlt/YWdlcy9SLTI1ODE1/MjgtMTM1NzA1Mzcx/OS04OTMyLmpwZWc.jpeg,Young Blood International,Pop,1973
The Soul Investigators,Theme / Downtown,https://i.discogs.com/IwRPZ5_VxSSAc72fCy1ogFfBhYw1HxgqerTQRz0FgZU/rs:fit/g:sm/q:40/h:150/w:150/czM6Ly9kaXNjb2dz/LWRhdGFiYXNlLWlt/YWdlcy9SLTE4MzQ2/MjMtMTI0NjYxOTU4/Ny5qcGVn.jpeg,,Funk / Soul,2009
Monk Higgins / The Specialties,Gotta Be Funky / Big Water Bed,https://i.discogs.com/AL7tPbvxEG6_qnrgjwVr8l90KYElC8Ff_eSSU_Itd9s/rs:fit/g:sm/q:40/h:150/w:150/czM6Ly9kaXNjb2dz/LWRhdGFiYXNlLWlt/YWdlcy9SLTU0ODA4/OTEtMTM5NDQ2NDA0/Ny0zOTk1LmpwZWc.jpeg,,"Jazz, Funk / Soul",1972
Lindsey Buckingham,Trouble,https://i.discogs.com/CdxqMhuEUNzU91_iZWci0aFcMA79xok3KuCYCUYV3F8/rs:fit/g:sm/q:40/h:150/w:150/czM6Ly9kaXNjb2dz/LWRhdGFiYXNlLWlt/YWdlcy9SLTE3NDEw/NDAtMTM5NDMyNDYz/NC02MzcxLmpwZWc.jpeg,,Rock,1981
The Black On White Affair,"Bold Soul Sister, Bold Soul Brother / A Bunch Of Changes",https://i.discogs.com/UsXxvZMhMfdJ1lWV3g-6fQmKN8d8BHBGvwhH24LUZpg/rs:fit/g:sm/q:40/h:150/w:150/czM6Ly9kaXNjb2dz/LWRhdGFiYXNlLWlt/YWdlcy9SLTcxMTIx/ODktMTU1MDg2NzQz/MC05NjIyLmpwZWc.jpeg,,Funk / Soul,1970
The Firebirds (7),Soul Sonata / I Just Don't Believe You,https://i.discogs.com/KVQjq50kFVxX8hDq1ywH9atLbiw7JHQ1QjICLmaYUdE/rs:fit/g:sm/q:40/h:150/w:150/czM6Ly9kaXNjb2dz/LWRhdGFiYXNlLWlt/YWdlcy9SLTc2NTg5/NTctMTQ4NzY5NDg1/MC04NTc5LmpwZWc.jpeg,Excello,Funk / Soul,1969
Lee Moses,"Reach Out, I'll Be There / Day Tripper",https://i.discogs.com/hwzCaRggNyUjfP_GdReSxRSzTyAZZ6Y7UGPM5ybhcfU/rs:fit/g:sm/q:40/h:150/w:150/czM6Ly9kaXNjb2dz/LWRhdGFiYXNlLWlt/YWdlcy9SLTE5NjU5/NTUtMTI1NTUzMjEz/Ny5qcGVn.jpeg,,Funk / Soul,1967
Los Relampagos,Bwana / El Canto De La Sirena,https://i.discogs.com/0_dO8IWUTRrxLFy76tU2XC0fAZl7rOQRhhZtlgXu_X8/rs:fit/g:sm/q:40/h:150/w:150/czM6Ly9kaXNjb2dz/LWRhdGFiYXNlLWlt/YWdlcy9SLTQwMjM2/MDMtMTM1MjY3ODg2/Ny02OTU0LmpwZWc.jpeg,Novola,"Rock, Pop",1968
Richard McDonald,I'm Gonna Love You Just A Little More Baby,https://i.discogs.com/g3yHxkgTihKJ8pEXgd0gvfhMH-E15LIWAmcIvHyzns4/rs:fit/g:sm/q:40/h:150/w:150/czM6Ly9kaXNjb2dz/LWRhdGFiYXNlLWlt/YWdlcy9SLTYzMjk0/ODktMTUxMDQwMDE4/Ni00NjI2LmpwZWc.jpeg,Tobin,"Reggae, Funk / Soul",1973
Engelbert Humperdinck,When There's No You / Put Your Hand In The Hand,https://i.discogs.com/GmgbZSTpa9qxXJXNBgOODu-Eg-V1eatVNrP2JQR4w68/rs:fit/g:sm/q:40/h:150/w:150/czM6Ly9kaXNjb2dz/LWRhdGFiYXNlLWlt/YWdlcy9SLTg2MTg0/ODktMTQ2NTI0OTc2/MS0yOTM1LmpwZWc.jpeg,Decca,Pop,1971
Seleno Clarke,Exploitation Of Soul / Stimulation,https://i.discogs.com/OSwCIbeRT95qceoPCsXbM5tPjdDFVQhcqxaoN4V_mFU/rs:fit/g:sm/q:40/h:150/w:150/czM6Ly9kaXNjb2dz/LWRhdGFiYXNlLWlt/YWdlcy9SLTExMzMw/NDI3LTE1MTQzNzUy/MTEtMTg4My5qcGVn.jpeg,,Funk / Soul,
The Meters,Stretch Your Rubber Band,https://i.discogs.com/RcDxWGUVjLb2nZMTleSLaX8G7PkyMOiCAZvN4hYEymU/rs:fit/g:sm/q:40/h:150/w:150/czM6Ly9kaXNjb2dz/LWRhdGFiYXNlLWlt/YWdlcy9SLTI5Mzkz/ODQtMTc4MjEyNjI0/NS0yMzU3LmpwZWc.jpeg,Josie,Funk / Soul,1971
The Poets (2),Fun Buggy,https://i.discogs.com/ZOt9fgfExvU-zx8ifMmUBsydY1Wl-GtdQoUrCZIndAE/rs:fit/g:sm/q:40/h:150/w:150/czM6Ly9kaXNjb2dz/LWRhdGFiYXNlLWlt/YWdlcy9SLTMyODE2/MDItMTQwNjYxODU1/OS0xNjMwLmpwZWc.jpeg,Barrs,"Rock, Funk / Soul",1971
Lee Dorsey,"Get Out Of My Life, Woman",https://i.discogs.com/bhxHx693IY8x4wkG5jd2fpGNHN931BIBkNQFNR2QdNA/rs:fit/g:sm/q:40/h:150/w:150/czM6Ly9kaXNjb2dz/LWRhdGFiYXNlLWlt/YWdlcy9SLTkwNjAz/MTItMTQ3NDA3MDgw/Ny04MDQ5LmpwZWc.jpeg,,Funk / Soul,1965
The New Breed (5) / Tim and Bill,Little Bit A Soul,https://i.discogs.com/79nSxsNzN3deyDM8eH2WMCEDLDSoycREZoFBeu7bwos/rs:fit/g:sm/q:40/h:150/w:150/czM6Ly9kaXNjb2dz/LWRhdGFiYXNlLWlt/YWdlcy9SLTY1NDM0/MDctMTc3MDMwNjE2/NC01MjY0LmpwZWc.jpeg,,Funk / Soul,1967
Willie Tee,"Funky, Funky Twist / First Taste Of Hurt",https://i.discogs.com/8MxY_2aYiHH-AEFpbS1EEXtBJeaz9K3YaiIeIzr_5Po/rs:fit/g:sm/q:40/h:150/w:150/czM6Ly9kaXNjb2dz/LWRhdGFiYXNlLWlt/YWdlcy9SLTE4MDk4/MzUtMTc1MzQxOTY5/Ny03NjY1LmpwZWc.jpeg,,Funk / Soul,1972
Mary Jane Hooper,I've Got What You Need,https://i.discogs.com/Kk00CKYFZa34mwhm0X56kOhS2ciUjF0T7PMD5rKBQxA/rs:fit/g:sm/q:40/h:150/w:150/czM6Ly9kaXNjb2dz/LWRhdGFiYXNlLWlt/YWdlcy9SLTY0NzY0/NDAtMTUwNDk1NDcx/Ny05MDUwLmpwZWc.jpeg,,Funk / Soul,1969
Chuck Jackson,And That's Saying A Lot / All In My Mind,https://i.discogs.com/M6zN8P0uR0DFgJQfiTG-HKtgh2Ldd_vxJ7dcmcxXPJ4/rs:fit/g:sm/q:40/h:150/w:150/czM6Ly9kaXNjb2dz/LWRhdGFiYXNlLWlt/YWdlcy9SLTE0MjY5/MjM0LTE2NzkzNDY4/NjctNzA2My5qcGVn.jpeg,,Funk / Soul,1966
Smokey Johnson,It Ain't My Fault,https://i.discogs.com/NiukuF8XLpe1-7qAPm_oBB26JBaNa5ZE41RXWSOjxKI/rs:fit/g:sm/q:40/h:150/w:150/czM6Ly9kaXNjb2dz/LWRhdGFiYXNlLWlt/YWdlcy9SLTU5MDcx/NDctMTU0MDg0Njg2/Ny05NTU3LmpwZWc.jpeg,,Funk / Soul,1964
Lavell Hardy,Don't Lose Your Groove,https://i.discogs.com/tIRj_yMEGqNxFCUNrEPDn8e8lO1MD7EepNenI7q7Ncs/rs:fit/g:sm/q:40/h:150/w:150/czM6Ly9kaXNjb2dz/LWRhdGFiYXNlLWlt/YWdlcy9SLTE5NDAy/MTktMTU0MDg0NzM5/My05NjQ5LmpwZWc.jpeg,Rojac Records,Funk / Soul,1967
Backyard Heavies,Chitlin' Strut / Humpin',https://i.discogs.com/9m9y1Jde2r1ioZtBrbHdhZMog8MQVEyFepaK94yecNw/rs:fit/g:sm/q:40/h:150/w:150/czM6Ly9kaXNjb2dz/LWRhdGFiYXNlLWlt/YWdlcy9SLTQ5MzIy/MDQtMTQxMTQ5MjI0/My04OTAwLmpwZWc.jpeg,,Funk / Soul,1972
Hi Voltage (2) / Hi Voltage (2),Smile / Midnight Blue,https://i.discogs.com/4Kr-W8FfJfbD_2O3Ez5EcT2iT0StTFR-ufXK4i-OGEA/rs:fit/g:sm/q:40/h:150/w:150/czM6Ly9kaXNjb2dz/LWRhdGFiYXNlLWlt/YWdlcy9SLTEyMjI3/NDQtMTIwMTgwNDU3/Ny5qcGVn.jpeg,,Funk / Soul,1979
Harry Ray,Ride Your Pony Girl / Best Thing For Me,https://i.discogs.com/HcNs1XASrW8_XtU6FNGSZShkN7R1UDRwBC3-PSJ33oI/rs:fit/g:sm/q:40/h:150/w:150/czM6Ly9kaXNjb2dz/LWRhdGFiYXNlLWlt/YWdlcy9SLTE2NjUw/MDEtMTU5MTY0NDI1/NC0yOTExLmpwZWc.jpeg,All Platinum Records Inc.,Funk / Soul,1974
Adam Rogers (5) / The Eleventh Version,Put Your Hand In The Hand / Jesus Made Me Higher,https://i.discogs.com/_zbm1DqXK_JLbTL9pgFU-W8dIFShwIVaqfDjN2XRq-I/rs:fit/g:sm/q:40/h:150/w:150/czM6Ly9kaXNjb2dz/LWRhdGFiYXNlLWlt/YWdlcy9SLTEyMDE2/NTY3LTE1MjY2Mjgw/MjQtNTMzMy5qcGVn.jpeg,,Funk / Soul,1971
Tony Roman / Nanette Workman,Hey Joe,https://i.discogs.com/4469_xWiul8BdqIIBoKqTb8FKHpusqD5FyljR0hHba0/rs:fit/g:sm/q:40/h:150/w:150/czM6Ly9kaXNjb2dz/LWRhdGFiYXNlLWlt/YWdlcy9SLTY2NjM4/MDYtMTQ2ODUwNTQx/Mi04NDE1LmpwZWc.jpeg,,"Rock, Funk / Soul, Pop",1967
Sketches (5),I Dig The Girl,https://i.discogs.com/LB1eDW_f1cP-13X-kKUkUgOhdsTqnYwsc1dGr1-vkzc/rs:fit/g:sm/q:40/h:150/w:150/czM6Ly9kaXNjb2dz/LWRhdGFiYXNlLWlt/YWdlcy9SLTI3NjI3/MzctMTM3MTI4OTg0/OC0xMzYyLmpwZWc.jpeg,"Denim, Denim",Funk / Soul,1977
Johnny Tolbert / De Thangs,Git Sum,https://i.discogs.com/xEA3OLU2ygMSZS5CRlVHPDrRXTGvWw1XzDoiPij0PBU/rs:fit/g:sm/q:40/h:150/w:150/czM6Ly9kaXNjb2dz/LWRhdGFiYXNlLWlt/YWdlcy9SLTU1MTAy/MS0xMzU4MzEzMDg1/LTE3NTguanBlZw.jpeg,Jasman Records,Funk / Soul,1970
Mighty Tom Cats,Dance Girl / Finger In It,https://i.discogs.com/pGjBwzTkGV6ZxqWIsGPR7YTMpQt9HeJ0kNjgnuCPk7k/rs:fit/g:sm/q:40/h:150/w:150/czM6Ly9kaXNjb2dz/LWRhdGFiYXNlLWlt/YWdlcy9SLTI4MDE0/MDgtMTM2Mjg2Njcw/NC0zOTM0LmpwZWc.jpeg,Paul Winley Records,Funk / Soul,1974
Dick Fraser / Larry Morrow,Come On Cavs (Got To Make It Happen),https://i.discogs.com/Y4Rwc6OttS4-II5taPwtD2ipKfsuHivnYTHoAhCZ6Nk/rs:fit/g:sm/q:40/h:150/w:150/czM6Ly9kaXNjb2dz/LWRhdGFiYXNlLWlt/YWdlcy9SLTEwODQ0/MjQzLTE1MDUyMjc4/MTItOTc0OS5qcGVn.jpeg,3WE,Funk / Soul,1975
King Creole (3),Maharishi,https://i.discogs.com/vt98P33YKls7veaFl1fppDtVFjfyIlNQ5YHl2MFBAvg/rs:fit/g:sm/q:40/h:150/w:150/czM6Ly9kaXNjb2dz/LWRhdGFiYXNlLWlt/YWdlcy9SLTkyNzYz/MTUtMTUwNzczNzM3/OS01MDEzLmpwZWc.jpeg,Kader,Rock,1976
Aaron (14),Jos Vois / Taikausko,https://i.discogs.com/X2AmwbiRKMJe6sr02OIjFVQ_CS_UcvIm7R0QkGRBBiI/rs:fit/g:sm/q:40/h:150/w:150/czM6Ly9kaXNjb2dz/LWRhdGFiYXNlLWlt/YWdlcy9SLTEzMDg4/OTg0LTE1NDg5NTk4/MjQtMjExOC5qcGVn.jpeg,Traveller Records,Funk / Soul,2018
"Don ""Soul Train"" Campbell",Campbell Lock,https://i.discogs.com/_sbDZUrwDofPfwYuP3HbG6MiGC4QTDTKSzD-gKEPuEQ/rs:fit/g:sm/q:40/h:150/w:150/czM6Ly9kaXNjb2dz/LWRhdGFiYXNlLWlt/YWdlcy9SLTY0Nzc1/My0xMTQzMDQ0MjQy/LmpwZWc.jpeg,,Funk / Soul,
Carlos Dafé,Pra Que Vou Recordar,https://i.discogs.com/ZllJxE4kN0NF7HT2M7Wcx44YKmGKRGB6pkzvzZOzPxs/rs:fit/g:sm/q:40/h:150/w:150/czM6Ly9kaXNjb2dz/LWRhdGFiYXNlLWlt/YWdlcy9SLTEyMDc5/MDAtMTYxMDIxNzg0/MC0yODU5LmpwZWc.jpeg,Warner Bros. Records,"Latin, Funk / Soul",1977
The Isley Brothers,Get Into Something,https://i.discogs.com/-H4bbr-qMUb3K2bnG8xiMIjv17iKKQZZfKYxErqE4gk/rs:fit/g:sm/q:40/h:150/w:150/czM6Ly9kaXNjb2dz/LWRhdGFiYXNlLWlt/YWdlcy9SLTE0OTU1/OTItMTI5MTg0Njgx/MC5qcGVn.jpeg,,Funk / Soul,1970
Mr. Bloe,Groovin' With Mr. Bloe,https://i.discogs.com/8ItdlVKR1cH1ZzKev0v1vnP8QTOqxheb9aTJLdsDCQE/rs:fit/g:sm/q:40/h:150/w:150/czM6Ly9kaXNjb2dz/LWRhdGFiYXNlLWlt/YWdlcy9SLTE1MTcz/NjMtMTUwMzI0MTg1/NC0xODU4LmpwZWc.jpeg,,"Rock, Funk / Soul",1970
Gianni Safred,Alle Tastiere,https://i.discogs.com/lKpdXYhvl6--prRFfJJg3QaazGutHVZIGl3JkjeGWuE/rs:fit/g:sm/q:40/h:150/w:150/czM6Ly9kaXNjb2dz/LWRhdGFiYXNlLWlt/YWdlcy9SLTcwMzY0/NTktMTcwMzYwNzk1/Ny04MTU1LmpwZWc.jpeg,Golden Record (2),"Electronic, Funk / Soul",1979
Wilbur Bascomb & The Zodiac / The Three Reasons,"Just A Groove In ""G"" / Take Me Back",https://i.discogs.com/1fa0QAqbr4I_Yz8JnlfMNcSijrGbsInFnqRINcD2Qdc/rs:fit/g:sm/q:40/h:150/w:150/czM6Ly9kaXNjb2dz/LWRhdGFiYXNlLWlt/YWdlcy9SLTg1Mjc0/Mi0xNDUwNjIyNTU1/LTcxMjAuanBlZw.jpeg,Carnival Records,Funk / Soul,1971
John Terra,In De Duinen / Neem Me Mee,https://i.discogs.com/7csUhnL9O5n1nza557Vxji33F52evZs4YAXBDQlerNo/rs:fit/g:sm/q:40/h:150/w:150/czM6Ly9kaXNjb2dz/LWRhdGFiYXNlLWlt/YWdlcy9SLTEzNTU5/MzAtMTUxOTM2MzEz/My01MDU2LmpwZWc.jpeg,Parlophone,Pop,1971
Papoose (3),Julie,https://i.discogs.com/206ADWYfZgJMsLWOTei-s9G76dqgIAppTb5BDDDd-lI/rs:fit/g:sm/q:40/h:150/w:150/czM6Ly9kaXNjb2dz/LWRhdGFiYXNlLWlt/YWdlcy9SLTc4Mzc5/NDAtMTQ0OTg2Mzky/NS0zNTM4LmpwZWc.jpeg,,Rock,1972
Milly & Silly,I'm A Xmas Tree,https://i.discogs.com/KfpDzA2TOpPnHhXR5xwfgkCTBJR8qqWrb8VTp4yJjig/rs:fit/g:sm/q:40/h:150/w:150/czM6Ly9kaXNjb2dz/LWRhdGFiYXNlLWlt/YWdlcy9SLTQ5NDA5/MDUtMTQwMjE2MzMy/OC0xOTk0LmpwZWc.jpeg,Right-On Records,Funk / Soul,1973
John McCain (3),They Call Me The Man,https://i.discogs.com/J3XwS92i7_zCZ0RA00ksEqCD6OFLV1dj7nBmOhrRTec/rs:fit/g:sm/q:40/h:150/w:150/czM6Ly9kaXNjb2dz/LWRhdGFiYXNlLWlt/YWdlcy9SLTYxNzQw/MzAtMTU0NTE1NDM2/OS00MTM1LmpwZWc.jpeg,Witch's Brew,Funk / Soul,1974
Trials-N-Tribulations (T.N.T.),Stand Up For Jesus / Revival Show,https://i.discogs.com/XmPjozp_iTWhGO-oW8CUHLAejHw_SOkVBPa3GHMrKPs/rs:fit/g:sm/q:40/h:150/w:150/czM6Ly9kaXNjb2dz/LWRhdGFiYXNlLWlt/YWdlcy9SLTEzOTk2/MzI3LTE1NjU3MjIy/NjAtMjE1NS5qcGVn.jpeg,Roxan Records,Funk / Soul,
Sam Moultrie,Funky Jerk,https://i.discogs.com/_bE5NEBNLX3VwXuaXQzKdzQqREeGtw8TV4n14FjeAus/rs:fit/g:sm/q:40/h:150/w:150/czM6Ly9kaXNjb2dz/LWRhdGFiYXNlLWlt/YWdlcy9SLTI1Njg3/OTQtMTI5MDg5NjAy/Mi5qcGVn.jpeg,,Funk / Soul,1969
The Diasonics,Drunk Bach,https://i.discogs.com/0lA_5ErmieoHXTBKBPaOFyn_IVBlTghgIctwwUD3bNs/rs:fit/g:sm/q:40/h:150/w:150/czM6Ly9kaXNjb2dz/LWRhdGFiYXNlLWlt/YWdlcy9SLTE0ODM0/ODgwLTE1ODI0OTgx/OTQtNTM2MC5qcGVn.jpeg,Fnr,Funk / Soul,2020
Jesse Anderson,I Got A Problem ,https://i.discogs.com/lG_vskY_T2UNMJQBH47kG5Btonw2ZPBA2JEu6kWY6RE/rs:fit/g:sm/q:40/h:150/w:150/czM6Ly9kaXNjb2dz/LWRhdGFiYXNlLWlt/YWdlcy9SLTY0Nzcw/NS0xNDMzOTA2Njg3/LTk5MzkuanBlZw.jpeg,Thomas,Funk / Soul,1969
Rogier van Otterloo,Help! / Irene,https://i.discogs.com/KolV2I7DUHxz7SPGeGCLgu2oV_w2Mu5DDdkuhkxjP4I/rs:fit/g:sm/q:40/h:150/w:150/czM6Ly9kaXNjb2dz/LWRhdGFiYXNlLWlt/YWdlcy9SLTE0MDQy/OTctMTU5ODM4NjY5/MC0xMTMyLmpwZWc.jpeg,CBS,"Jazz, Funk / Soul, Classical, Stage & Screen",1974
Great Pride,She's A Lady,https://i.discogs.com/h26WQkzyeQbDKJ40U1uy6lVeTwD7PDMBHj5mXpfi7io/rs:fit/g:sm/q:40/h:150/w:150/czM6Ly9kaXNjb2dz/LWRhdGFiYXNlLWlt/YWdlcy9SLTUwMDYy/ODAtMTM4MTk0MTA1/NS0zMzUwLmpwZWc.jpeg,,Funk / Soul,1974
Dillard Crume & The Soul Rockers / Electric & Acoustic Sound,Let A Woman Be A Woman / Melting Pot,https://i.discogs.com/1fXdtDtfqpW1W7YB9GOlY2Z3HZqxmu2kc0UZzJdD9NA/rs:fit/g:sm/q:40/h:150/w:150/czM6Ly9kaXNjb2dz/LWRhdGFiYXNlLWlt/YWdlcy9SLTIyMDky/NjYtMTI5MjM2Mzk5/NC5qcGVn.jpeg,"Soul Galore, Soul Galore",Funk / Soul,2010
"Johnny Griffith, Inc.",Love Is Just A Word,https://i.discogs.com/XdSNDPYOt7Ep_M7R4fPNEhk-uyeJVsC3fDfUgnsbDzw/rs:fit/g:sm/q:40/h:150/w:150/czM6Ly9kaXNjb2dz/LWRhdGFiYXNlLWlt/YWdlcy9SLTQzODQw/NDUtMTQ3NDc5NzEx/Ny0zNjkzLmpwZWc.jpeg,Geneva Records (8),"Jazz, Funk / Soul",1973
Jody & The Individuals,Soul Streak / Hooked,https://i.discogs.com/_qFppEInQ97DWl_wqOknkAx2ojJYgc4Szdgoumh0OOY/rs:fit/g:sm/q:40/h:150/w:150/czM6Ly9kaXNjb2dz/LWRhdGFiYXNlLWlt/YWdlcy9SLTE1MTYw/MzE5LTE1ODc0NzA3/NzYtOTQzMS5qcGVn.jpeg,"Mus-I-Col, Inc.",Funk / Soul,1974
Sod,Too Loose To Get Tight,https://i.discogs.com/uxItq_WJd7_urjQVXh_xMTI0wNS8Bv475KUL2GeDLLk/rs:fit/g:sm/q:40/h:150/w:150/czM6Ly9kaXNjb2dz/LWRhdGFiYXNlLWlt/YWdlcy9SLTc2MzA2/NC0xNjYwMjYyMTYy/LTU2MTguanBlZw.jpeg,Decca,Funk / Soul,1972
King C (2),That Wonderful Sound,https://i.discogs.com/XWOfo1Ltd31iTpkY0_qel4_4B-lDo-4jXahUi5Vd-3A/rs:fit/g:sm/q:40/h:150/w:150/czM6Ly9kaXNjb2dz/LWRhdGFiYXNlLWlt/YWdlcy9SLTE0NTAz/ODgtMTU0OTM1Mzcx/MC04MTY2LmpwZWc.jpeg,Nu-Sound Records,"Funk / Soul, Pop",
Unknown Artist,B.C.'s Rock,https://i.discogs.com/zQEiADQyNlMWJFtpA6n-GT4VtxS4xS-vwyVwgL5URk0/rs:fit/g:sm/q:40/h:150/w:150/czM6Ly9kaXNjb2dz/LWRhdGFiYXNlLWlt/YWdlcy9SLTExOTI5/MTgzLTE1MjQ5MzI2/MjktOTcyNi5qcGVn.jpeg,Choreo,"Jazz, Funk / Soul",
The Belmont Shadows / Wilson D N,Kiss Him Goodbye,https://i.discogs.com/JtKNL4uzG6Gx8qKtQyDLzksNoICQA0CC6pSaycxQqZk/rs:fit/g:sm/q:40/h:150/w:150/czM6Ly9kaXNjb2dz/LWRhdGFiYXNlLWlt/YWdlcy9SLTE2MTkx/MTE4LTE2MDUwMDg1/MjAtMzQzNi5qcGVn.jpeg,Premier League Pressings,"Hip Hop, Funk / Soul",2020
The Whatnauts / The Whatnaut Band,Message From A Black Man / Dance To The Music,https://i.discogs.com/2PkIJhLXGmkwN7pYdQQlE4HRKgSjHMYUWPmhUYkgeu8/rs:fit/g:sm/q:40/h:150/w:150/czM6Ly9kaXNjb2dz/LWRhdGFiYXNlLWlt/YWdlcy9SLTE2MDQy/OTQtMTQ1MDIwMTg1/My00NTc4LmpwZWc.jpeg,A & I Records,Funk / Soul,1970
Kelly & Soul Explosions,Talking About My Baby's Love,https://i.discogs.com/Skr_4zz5JdlGTsJBG8McJ5FcNiPPV88uYFMYzGOGcAo/rs:fit/g:sm/q:40/h:150/w:150/czM6Ly9kaXNjb2dz/LWRhdGFiYXNlLWlt/YWdlcy9SLTUxNjA1/NjEtMTM4NjE0NTQy/Mi0xNDQ4LmpwZWc.jpeg,Dynamite (4),Funk / Soul,1971
Syl Johnson,Ode To Soul Man ,https://i.discogs.com/93ORfCeCJcQaWuU2OWe1H7eWcIAHqLBFx2Flb5qmNQc/rs:fit/g:sm/q:40/h:150/w:150/czM6Ly9kaXNjb2dz/LWRhdGFiYXNlLWlt/YWdlcy9SLTYzMDcw/MzItMTQxNjA4NjEx/NS0xNTYwLmpwZWc.jpeg,Twinight Records,Funk / Soul,1967
Pablo And The Diatones,"Tell Me You Love Me / Barrackhill, Barrackhill",https://i.discogs.com/fGooVbIq3kb7Kpxda4RuO7m-RTQmKgujxrn6khAKfaY/rs:fit/g:sm/q:40/h:150/w:150/czM6Ly9kaXNjb2dz/LWRhdGFiYXNlLWlt/YWdlcy9SLTY2ODQ4/MzgtMTQyNDU4NDU2/MC00MjE4LmpwZWc.jpeg,Elite Records Ltd.,Funk / Soul,
Jean Musy,Dansez Le Rock Steady,https://i.discogs.com/cwjpKXTchGC0RQBXyAJw0xgk3o7lsUbzEh-3BOS9v6Q/rs:fit/g:sm/q:40/h:150/w:150/czM6Ly9kaXNjb2dz/LWRhdGFiYXNlLWlt/YWdlcy9SLTI4NTAx/MjgtMTQ0MjA2MDAw/Ni05MjI1LmpwZWc.jpeg,,"Jazz, Pop",1969
George Perkins,I'm So Glad You're Mine,https://i.discogs.com/xgPtOJ_j6WWjKaii2bMLNq2I-5ErI5u3ZJ8bh0Ai_RE/rs:fit/g:sm/q:40/h:150/w:150/czM6Ly9kaXNjb2dz/LWRhdGFiYXNlLWlt/YWdlcy9SLTMyNzYx/MTQtMTQwMjc0NDQ3/OC02MTEwLmpwZWc.jpeg,Royal Shield Records,Funk / Soul,1974
Dom & Ravel,Você Também É Responsavel  ,https://i.discogs.com/DpMCVTgUkGBOoI0_0nFnSRodAjlkeEH9SRc223PgMG0/rs:fit/g:sm/q:40/h:150/w:150/czM6Ly9kaXNjb2dz/LWRhdGFiYXNlLWlt/YWdlcy9SLTQxMzg3/ODMtMTM1Njg4MzMz/OS05NjA2LmpwZWc.jpeg,RCA Victor,Latin,1971
Linda Fields & The Funky Boys,Sold My Rock'n'Roll (Gave It For Funky Soul),https://i.discogs.com/EfONLzaYJvQ9eFMRf57kSyLIM7lfvNgrhBELYH19mpg/rs:fit/g:sm/q:40/h:150/w:150/czM6Ly9kaXNjb2dz/LWRhdGFiYXNlLWlt/YWdlcy9SLTU2MTk5/MjItMTU4MDc1NjA2/Ny0zMDEwLmpwZWc.jpeg,Spark,"Funk / Soul, Pop",1975
Linda Fields & The Funky Boys,Sold My Rock'n'Roll (Gave It For Funky Soul),https://i.discogs.com/B521_KEq4dJLBLRPFrWfAY-ZBYoUkCmE89E4Pb-QHuE/rs:fit/g:sm/q:40/h:150/w:150/czM6Ly9kaXNjb2dz/LWRhdGFiYXNlLWlt/YWdlcy9SLTkzNDAx/MC0xMTc0NDk0NzMz/LmpwZWc.jpeg,,"Funk / Soul, Pop",1975
Mohammed & The Black System,Let's Dance The Spank,https://i.discogs.com/i6JWoed_xXR32yql8Wjx_t29hRkuYUCoWdCcVKflh5E/rs:fit/g:sm/q:40/h:150/w:150/czM6Ly9kaXNjb2dz/LWRhdGFiYXNlLWlt/YWdlcy9SLTIwNzg5/NTAtMTM2MzgxMTU3/OC0xMTIzLmpwZWc.jpeg,,Funk / Soul,1978
Barbara Jean English,You're Gonna Need Somebody To Love,https://i.discogs.com/LqZRWNYCVIbpSWfbuEcUla45gg6cvgVKBl1WL6miVi8/rs:fit/g:sm/q:40/h:150/w:150/czM6Ly9kaXNjb2dz/LWRhdGFiYXNlLWlt/YWdlcy9SLTQ1NTQw/NzItMTM2ODIwMzQx/NS0xNzMwLmpwZWc.jpeg,,Funk / Soul,1973
Ronnie Mitchell,Soul Meeting / Nobody Knows,https://i.discogs.com/z7Ek6fyqK5SUZ3lQLd8UIswxaxSW1qwi9ybGzH6mQwQ/rs:fit/g:sm/q:40/h:150/w:150/czM6Ly9kaXNjb2dz/LWRhdGFiYXNlLWlt/YWdlcy9SLTkzNDUy/MzEtMTU3OTA2Mjcx/NC0zNTg4LmpwZWc.jpeg,,Funk / Soul,1969
Curtis Knight Zeus,"The Devil Made Me Do It / Oh, Rainbow",https://i.discogs.com/ow5RFvsh2-u5XZNWMY9eaeOjW-xJNNlsNy4XslnKNBc/rs:fit/g:sm/q:40/h:150/w:150/czM6Ly9kaXNjb2dz/LWRhdGFiYXNlLWlt/YWdlcy9SLTQ0Mzk5/NjctMTYwMTQ5MzUy/Ny0zOTUxLmpwZWc.jpeg,,"Rock, Funk / Soul",1974
Thijs Van Leer / Roselie van Leer,Eddy / Street Rondo,https://i.discogs.com/KjDKeUY4gemy6LSciapxJ97l2yWFa_S22zSviGKUup8/rs:fit/g:sm/q:40/h:150/w:150/czM6Ly9kaXNjb2dz/LWRhdGFiYXNlLWlt/YWdlcy9SLTEwOTg4/MDExLTE1MDc3Mzg4/MzAtNDQ4NS5qcGVn.jpeg,Philips,"Pop, Classical",1975
The Johnny Otis Show,The Watts Breakaway / You Can Depend On Me,https://i.discogs.com/s77vjceVrhDbdy6EKujqLJxvBt9D5Y6dPEFYaVu8Yng/rs:fit/g:sm/q:40/h:150/w:150/czM6Ly9kaXNjb2dz/LWRhdGFiYXNlLWlt/YWdlcy9SLTQxOTU2/NTgtMTM1ODIwNjQ1/My0xODM5LmpwZWc.jpeg,,Funk / Soul,1969
